"incident_count","year_value","month_value","weapon_desc","total_incidents_by_year","avg_incidents_by_month"
1,2022,3,"ASPHYXIATION ",3,1.0
1,2022,2,"ASPHYXIATION ",3,1.0
1,2022,1,"ASPHYXIATION ",3,1.0
1,2021,8,"ASPHYXIATION ",5,1.25
1,2021,7,"ASPHYXIATION ",5,1.25
2,2021,6,"ASPHYXIATION ",5,1.25
1,2021,3,"ASPHYXIATION ",5,1.25
1,2020,12,"ASPHYXIATION ",2,1.0
1,2020,4,"ASPHYXIATION ",2,1.0
1,2019,8,"ASPHYXIATION ",4,1.0
1,2019,7,"ASPHYXIATION ",4,1.0
1,2019,6,"ASPHYXIATION ",4,1.0
1,2019,4,"ASPHYXIATION ",4,1.0
1,2018,8,"ASPHYXIATION ",3,1.0
1,2018,6,"ASPHYXIATION ",3,1.0
1,2018,5,"ASPHYXIATION ",3,1.0
1,2017,10,"ASPHYXIATION ",3,1.0
1,2017,5,"ASPHYXIATION ",3,1.0
1,2017,4,"ASPHYXIATION ",3,1.0
2,2016,8,"ASPHYXIATION ",8,1.6
1,2016,4,"ASPHYXIATION ",8,1.6
1,2016,3,"ASPHYXIATION ",8,1.6
1,2016,2,"ASPHYXIATION ",8,1.6
3,2016,1,"ASPHYXIATION ",8,1.6
1,2015,12,"ASPHYXIATION ",17,1.8888888888888888
1,2015,11,"ASPHYXIATION ",17,1.8888888888888888
3,2015,9,"ASPHYXIATION ",17,1.8888888888888888
3,2015,7,"ASPHYXIATION ",17,1.8888888888888888
2,2015,5,"ASPHYXIATION ",17,1.8888888888888888
1,2015,4,"ASPHYXIATION ",17,1.8888888888888888
1,2015,3,"ASPHYXIATION ",17,1.8888888888888888
3,2015,2,"ASPHYXIATION ",17,1.8888888888888888
2,2015,1,"ASPHYXIATION ",17,1.8888888888888888
183,2022,5,"BLUNT OBJECT",1829,365.8
392,2022,4,"BLUNT OBJECT",1829,365.8
379,2022,3,"BLUNT OBJECT",1829,365.8
412,2022,2,"BLUNT OBJECT",1829,365.8
463,2022,1,"BLUNT OBJECT",1829,365.8
435,2021,12,"BLUNT OBJECT",4095,341.25
386,2021,11,"BLUNT OBJECT",4095,341.25
421,2021,10,"BLUNT OBJECT",4095,341.25
335,2021,9,"BLUNT OBJECT",4095,341.25
365,2021,8,"BLUNT OBJECT",4095,341.25
419,2021,7,"BLUNT OBJECT",4095,341.25
331,2021,6,"BLUNT OBJECT",4095,341.25
281,2021,5,"BLUNT OBJECT",4095,341.25
253,2021,4,"BLUNT OBJECT",4095,341.25
221,2021,3,"BLUNT OBJECT",4095,341.25
243,2021,2,"BLUNT OBJECT",4095,341.25
405,2021,1,"BLUNT OBJECT",4095,341.25
452,2020,12,"BLUNT OBJECT",4654,387.8333333333333
444,2020,11,"BLUNT OBJECT",4654,387.8333333333333
478,2020,10,"BLUNT OBJECT",4654,387.8333333333333
368,2020,9,"BLUNT OBJECT",4654,387.8333333333333
547,2020,8,"BLUNT OBJECT",4654,387.8333333333333
445,2020,7,"BLUNT OBJECT",4654,387.8333333333333
402,2020,6,"BLUNT OBJECT",4654,387.8333333333333
319,2020,5,"BLUNT OBJECT",4654,387.8333333333333
253,2020,4,"BLUNT OBJECT",4654,387.8333333333333
302,2020,3,"BLUNT OBJECT",4654,387.8333333333333
326,2020,2,"BLUNT OBJECT",4654,387.8333333333333
318,2020,1,"BLUNT OBJECT",4654,387.8333333333333
286,2019,12,"BLUNT OBJECT",3444,287.0
240,2019,11,"BLUNT OBJECT",3444,287.0
420,2019,10,"BLUNT OBJECT",3444,287.0
278,2019,9,"BLUNT OBJECT",3444,287.0
353,2019,8,"BLUNT OBJECT",3444,287.0
320,2019,7,"BLUNT OBJECT",3444,287.0
357,2019,6,"BLUNT OBJECT",3444,287.0
241,2019,5,"BLUNT OBJECT",3444,287.0
267,2019,4,"BLUNT OBJECT",3444,287.0
248,2019,3,"BLUNT OBJECT",3444,287.0
205,2019,2,"BLUNT OBJECT",3444,287.0
229,2019,1,"BLUNT OBJECT",3444,287.0
248,2018,12,"BLUNT OBJECT",2709,225.75
232,2018,11,"BLUNT OBJECT",2709,225.75
248,2018,10,"BLUNT OBJECT",2709,225.75
239,2018,9,"BLUNT OBJECT",2709,225.75
231,2018,8,"BLUNT OBJECT",2709,225.75
241,2018,7,"BLUNT OBJECT",2709,225.75
223,2018,6,"BLUNT OBJECT",2709,225.75
245,2018,5,"BLUNT OBJECT",2709,225.75
205,2018,4,"BLUNT OBJECT",2709,225.75
201,2018,3,"BLUNT OBJECT",2709,225.75
191,2018,2,"BLUNT OBJECT",2709,225.75
205,2018,1,"BLUNT OBJECT",2709,225.75
213,2017,12,"BLUNT OBJECT",2874,239.5
230,2017,11,"BLUNT OBJECT",2874,239.5
312,2017,10,"BLUNT OBJECT",2874,239.5
262,2017,9,"BLUNT OBJECT",2874,239.5
278,2017,8,"BLUNT OBJECT",2874,239.5
266,2017,7,"BLUNT OBJECT",2874,239.5
219,2017,6,"BLUNT OBJECT",2874,239.5
276,2017,5,"BLUNT OBJECT",2874,239.5
230,2017,4,"BLUNT OBJECT",2874,239.5
206,2017,3,"BLUNT OBJECT",2874,239.5
180,2017,2,"BLUNT OBJECT",2874,239.5
202,2017,1,"BLUNT OBJECT",2874,239.5
175,2016,12,"BLUNT OBJECT",2716,226.33333333333334
203,2016,11,"BLUNT OBJECT",2716,226.33333333333334
270,2016,10,"BLUNT OBJECT",2716,226.33333333333334
245,2016,9,"BLUNT OBJECT",2716,226.33333333333334
252,2016,8,"BLUNT OBJECT",2716,226.33333333333334
247,2016,7,"BLUNT OBJECT",2716,226.33333333333334
221,2016,6,"BLUNT OBJECT",2716,226.33333333333334
240,2016,5,"BLUNT OBJECT",2716,226.33333333333334
252,2016,4,"BLUNT OBJECT",2716,226.33333333333334
240,2016,3,"BLUNT OBJECT",2716,226.33333333333334
176,2016,2,"BLUNT OBJECT",2716,226.33333333333334
195,2016,1,"BLUNT OBJECT",2716,226.33333333333334
226,2015,12,"BLUNT OBJECT",2858,238.16666666666666
260,2015,11,"BLUNT OBJECT",2858,238.16666666666666
243,2015,10,"BLUNT OBJECT",2858,238.16666666666666
231,2015,9,"BLUNT OBJECT",2858,238.16666666666666
276,2015,8,"BLUNT OBJECT",2858,238.16666666666666
285,2015,7,"BLUNT OBJECT",2858,238.16666666666666
247,2015,6,"BLUNT OBJECT",2858,238.16666666666666
275,2015,5,"BLUNT OBJECT",2858,238.16666666666666
267,2015,4,"BLUNT OBJECT",2858,238.16666666666666
215,2015,3,"BLUNT OBJECT",2858,238.16666666666666
142,2015,2,"BLUNT OBJECT",2858,238.16666666666666
191,2015,1,"BLUNT OBJECT",2858,238.16666666666666
103,2022,5,"CUTTING INSTRUMENT",861,172.2
180,2022,4,"CUTTING INSTRUMENT",861,172.2
211,2022,3,"CUTTING INSTRUMENT",861,172.2
195,2022,2,"CUTTING INSTRUMENT",861,172.2
172,2022,1,"CUTTING INSTRUMENT",861,172.2
207,2021,12,"CUTTING INSTRUMENT",2097,174.75
183,2021,11,"CUTTING INSTRUMENT",2097,174.75
194,2021,10,"CUTTING INSTRUMENT",2097,174.75
195,2021,9,"CUTTING INSTRUMENT",2097,174.75
217,2021,8,"CUTTING INSTRUMENT",2097,174.75
156,2021,7,"CUTTING INSTRUMENT",2097,174.75
197,2021,6,"CUTTING INSTRUMENT",2097,174.75
194,2021,5,"CUTTING INSTRUMENT",2097,174.75
139,2021,4,"CUTTING INSTRUMENT",2097,174.75
128,2021,3,"CUTTING INSTRUMENT",2097,174.75
162,2021,2,"CUTTING INSTRUMENT",2097,174.75
125,2021,1,"CUTTING INSTRUMENT",2097,174.75
149,2020,12,"CUTTING INSTRUMENT",1702,141.83333333333334
122,2020,11,"CUTTING INSTRUMENT",1702,141.83333333333334
151,2020,10,"CUTTING INSTRUMENT",1702,141.83333333333334
204,2020,9,"CUTTING INSTRUMENT",1702,141.83333333333334
168,2020,8,"CUTTING INSTRUMENT",1702,141.83333333333334
142,2020,7,"CUTTING INSTRUMENT",1702,141.83333333333334
130,2020,6,"CUTTING INSTRUMENT",1702,141.83333333333334
156,2020,5,"CUTTING INSTRUMENT",1702,141.83333333333334
119,2020,4,"CUTTING INSTRUMENT",1702,141.83333333333334
131,2020,3,"CUTTING INSTRUMENT",1702,141.83333333333334
99,2020,2,"CUTTING INSTRUMENT",1702,141.83333333333334
131,2020,1,"CUTTING INSTRUMENT",1702,141.83333333333334
140,2019,12,"CUTTING INSTRUMENT",1512,126.0
118,2019,11,"CUTTING INSTRUMENT",1512,126.0
125,2019,10,"CUTTING INSTRUMENT",1512,126.0
122,2019,9,"CUTTING INSTRUMENT",1512,126.0
147,2019,8,"CUTTING INSTRUMENT",1512,126.0
144,2019,7,"CUTTING INSTRUMENT",1512,126.0
128,2019,6,"CUTTING INSTRUMENT",1512,126.0
147,2019,5,"CUTTING INSTRUMENT",1512,126.0
119,2019,4,"CUTTING INSTRUMENT",1512,126.0
91,2019,3,"CUTTING INSTRUMENT",1512,126.0
119,2019,2,"CUTTING INSTRUMENT",1512,126.0
112,2019,1,"CUTTING INSTRUMENT",1512,126.0
119,2018,12,"CUTTING INSTRUMENT",1546,128.83333333333334
118,2018,11,"CUTTING INSTRUMENT",1546,128.83333333333334
136,2018,10,"CUTTING INSTRUMENT",1546,128.83333333333334
129,2018,9,"CUTTING INSTRUMENT",1546,128.83333333333334
141,2018,8,"CUTTING INSTRUMENT",1546,128.83333333333334
158,2018,7,"CUTTING INSTRUMENT",1546,128.83333333333334
139,2018,6,"CUTTING INSTRUMENT",1546,128.83333333333334
151,2018,5,"CUTTING INSTRUMENT",1546,128.83333333333334
97,2018,4,"CUTTING INSTRUMENT",1546,128.83333333333334
133,2018,3,"CUTTING INSTRUMENT",1546,128.83333333333334
109,2018,2,"CUTTING INSTRUMENT",1546,128.83333333333334
116,2018,1,"CUTTING INSTRUMENT",1546,128.83333333333334
131,2017,12,"CUTTING INSTRUMENT",1623,135.25
124,2017,11,"CUTTING INSTRUMENT",1623,135.25
130,2017,10,"CUTTING INSTRUMENT",1623,135.25
129,2017,9,"CUTTING INSTRUMENT",1623,135.25
160,2017,8,"CUTTING INSTRUMENT",1623,135.25
120,2017,7,"CUTTING INSTRUMENT",1623,135.25
144,2017,6,"CUTTING INSTRUMENT",1623,135.25
159,2017,5,"CUTTING INSTRUMENT",1623,135.25
146,2017,4,"CUTTING INSTRUMENT",1623,135.25
110,2017,3,"CUTTING INSTRUMENT",1623,135.25
117,2017,2,"CUTTING INSTRUMENT",1623,135.25
153,2017,1,"CUTTING INSTRUMENT",1623,135.25
118,2016,12,"CUTTING INSTRUMENT",1709,142.41666666666666
149,2016,11,"CUTTING INSTRUMENT",1709,142.41666666666666
188,2016,10,"CUTTING INSTRUMENT",1709,142.41666666666666
129,2016,9,"CUTTING INSTRUMENT",1709,142.41666666666666
160,2016,8,"CUTTING INSTRUMENT",1709,142.41666666666666
141,2016,7,"CUTTING INSTRUMENT",1709,142.41666666666666
168,2016,6,"CUTTING INSTRUMENT",1709,142.41666666666666
143,2016,5,"CUTTING INSTRUMENT",1709,142.41666666666666
137,2016,4,"CUTTING INSTRUMENT",1709,142.41666666666666
141,2016,3,"CUTTING INSTRUMENT",1709,142.41666666666666
117,2016,2,"CUTTING INSTRUMENT",1709,142.41666666666666
118,2016,1,"CUTTING INSTRUMENT",1709,142.41666666666666
134,2015,12,"CUTTING INSTRUMENT",1574,131.16666666666666
114,2015,11,"CUTTING INSTRUMENT",1574,131.16666666666666
118,2015,10,"CUTTING INSTRUMENT",1574,131.16666666666666
115,2015,9,"CUTTING INSTRUMENT",1574,131.16666666666666
158,2015,8,"CUTTING INSTRUMENT",1574,131.16666666666666
165,2015,7,"CUTTING INSTRUMENT",1574,131.16666666666666
124,2015,6,"CUTTING INSTRUMENT",1574,131.16666666666666
162,2015,5,"CUTTING INSTRUMENT",1574,131.16666666666666
137,2015,4,"CUTTING INSTRUMENT",1574,131.16666666666666
136,2015,3,"CUTTING INSTRUMENT",1574,131.16666666666666
103,2015,2,"CUTTING INSTRUMENT",1574,131.16666666666666
108,2015,1,"CUTTING INSTRUMENT",1574,131.16666666666666
1,2022,2,"EXPLOSIVES ",1,1.0
1,2021,12,"EXPLOSIVES ",16,2.0
1,2021,11,"EXPLOSIVES ",16,2.0
1,2021,10,"EXPLOSIVES ",16,2.0
7,2021,7,"EXPLOSIVES ",16,2.0
2,2021,5,"EXPLOSIVES ",16,2.0
1,2021,4,"EXPLOSIVES ",16,2.0
2,2021,3,"EXPLOSIVES ",16,2.0
1,2021,1,"EXPLOSIVES ",16,2.0
8,2020,12,"EXPLOSIVES ",43,6.142857142857143
3,2020,10,"EXPLOSIVES ",43,6.142857142857143
1,2020,9,"EXPLOSIVES ",43,6.142857142857143
23,2020,7,"EXPLOSIVES ",43,6.142857142857143
4,2020,6,"EXPLOSIVES ",43,6.142857142857143
2,2020,3,"EXPLOSIVES ",43,6.142857142857143
2,2020,1,"EXPLOSIVES ",43,6.142857142857143
1,2019,8,"EXPLOSIVES ",12,1.7142857142857142
3,2019,7,"EXPLOSIVES ",12,1.7142857142857142
3,2019,6,"EXPLOSIVES ",12,1.7142857142857142
2,2019,4,"EXPLOSIVES ",12,1.7142857142857142
1,2019,3,"EXPLOSIVES ",12,1.7142857142857142
1,2019,2,"EXPLOSIVES ",12,1.7142857142857142
1,2019,1,"EXPLOSIVES ",12,1.7142857142857142
4,2018,12,"EXPLOSIVES ",15,3.75
2,2018,11,"EXPLOSIVES ",15,3.75
8,2018,7,"EXPLOSIVES ",15,3.75
1,2018,5,"EXPLOSIVES ",15,3.75
2,2017,12,"EXPLOSIVES ",27,2.7
1,2017,9,"EXPLOSIVES ",27,2.7
1,2017,8,"EXPLOSIVES ",27,2.7
7,2017,7,"EXPLOSIVES ",27,2.7
3,2017,6,"EXPLOSIVES ",27,2.7
3,2017,5,"EXPLOSIVES ",27,2.7
2,2017,4,"EXPLOSIVES ",27,2.7
4,2017,3,"EXPLOSIVES ",27,2.7
1,2017,2,"EXPLOSIVES ",27,2.7
3,2017,1,"EXPLOSIVES ",27,2.7
2,2016,10,"EXPLOSIVES ",23,2.875
3,2016,9,"EXPLOSIVES ",23,2.875
2,2016,8,"EXPLOSIVES ",23,2.875
8,2016,7,"EXPLOSIVES ",23,2.875
2,2016,6,"EXPLOSIVES ",23,2.875
2,2016,4,"EXPLOSIVES ",23,2.875
2,2016,3,"EXPLOSIVES ",23,2.875
2,2016,2,"EXPLOSIVES ",23,2.875
1,2015,12,"EXPLOSIVES ",33,3.0
1,2015,11,"EXPLOSIVES ",33,3.0
4,2015,10,"EXPLOSIVES ",33,3.0
2,2015,9,"EXPLOSIVES ",33,3.0
11,2015,7,"EXPLOSIVES ",33,3.0
4,2015,6,"EXPLOSIVES ",33,3.0
2,2015,5,"EXPLOSIVES ",33,3.0
3,2015,4,"EXPLOSIVES ",33,3.0
2,2015,3,"EXPLOSIVES ",33,3.0
2,2015,2,"EXPLOSIVES ",33,3.0
1,2015,1,"EXPLOSIVES ",33,3.0
118,2022,5,"HANDGUN ",1820,364.0
305,2022,4,"HANDGUN ",1820,364.0
395,2022,3,"HANDGUN ",1820,364.0
444,2022,2,"HANDGUN ",1820,364.0
558,2022,1,"HANDGUN ",1820,364.0
520,2021,12,"HANDGUN ",7999,666.5833333333334
688,2021,11,"HANDGUN ",7999,666.5833333333334
724,2021,10,"HANDGUN ",7999,666.5833333333334
823,2021,9,"HANDGUN ",7999,666.5833333333334
690,2021,8,"HANDGUN ",7999,666.5833333333334
804,2021,7,"HANDGUN ",7999,666.5833333333334
664,2021,6,"HANDGUN ",7999,666.5833333333334
678,2021,5,"HANDGUN ",7999,666.5833333333334
603,2021,4,"HANDGUN ",7999,666.5833333333334
514,2021,3,"HANDGUN ",7999,666.5833333333334
613,2021,2,"HANDGUN ",7999,666.5833333333334
678,2021,1,"HANDGUN ",7999,666.5833333333334
664,2020,12,"HANDGUN ",7995,666.25
756,2020,11,"HANDGUN ",7995,666.25
836,2020,10,"HANDGUN ",7995,666.25
735,2020,9,"HANDGUN ",7995,666.25
664,2020,8,"HANDGUN ",7995,666.25
771,2020,7,"HANDGUN ",7995,666.25
664,2020,6,"HANDGUN ",7995,666.25
703,2020,5,"HANDGUN ",7995,666.25
516,2020,4,"HANDGUN ",7995,666.25
533,2020,3,"HANDGUN ",7995,666.25
546,2020,2,"HANDGUN ",7995,666.25
607,2020,1,"HANDGUN ",7995,666.25
591,2019,12,"HANDGUN ",7164,597.0
579,2019,11,"HANDGUN ",7164,597.0
598,2019,10,"HANDGUN ",7164,597.0
576,2019,9,"HANDGUN ",7164,597.0
527,2019,8,"HANDGUN ",7164,597.0
787,2019,7,"HANDGUN ",7164,597.0
651,2019,6,"HANDGUN ",7164,597.0
668,2019,5,"HANDGUN ",7164,597.0
592,2019,4,"HANDGUN ",7164,597.0
504,2019,3,"HANDGUN ",7164,597.0
437,2019,2,"HANDGUN ",7164,597.0
654,2019,1,"HANDGUN ",7164,597.0
850,2018,12,"HANDGUN ",8862,738.5
754,2018,11,"HANDGUN ",8862,738.5
710,2018,10,"HANDGUN ",8862,738.5
771,2018,9,"HANDGUN ",8862,738.5
698,2018,8,"HANDGUN ",8862,738.5
785,2018,7,"HANDGUN ",8862,738.5
739,2018,6,"HANDGUN ",8862,738.5
669,2018,5,"HANDGUN ",8862,738.5
629,2018,4,"HANDGUN ",8862,738.5
662,2018,3,"HANDGUN ",8862,738.5
756,2018,2,"HANDGUN ",8862,738.5
839,2018,1,"HANDGUN ",8862,738.5
592,2017,12,"HANDGUN ",7640,636.6666666666666
676,2017,11,"HANDGUN ",7640,636.6666666666666
590,2017,10,"HANDGUN ",7640,636.6666666666666
553,2017,9,"HANDGUN ",7640,636.6666666666666
632,2017,8,"HANDGUN ",7640,636.6666666666666
772,2017,7,"HANDGUN ",7640,636.6666666666666
650,2017,6,"HANDGUN ",7640,636.6666666666666
696,2017,5,"HANDGUN ",7640,636.6666666666666
640,2017,4,"HANDGUN ",7640,636.6666666666666
622,2017,3,"HANDGUN ",7640,636.6666666666666
509,2017,2,"HANDGUN ",7640,636.6666666666666
708,2017,1,"HANDGUN ",7640,636.6666666666666
586,2016,12,"HANDGUN ",6320,526.6666666666666
548,2016,11,"HANDGUN ",6320,526.6666666666666
617,2016,10,"HANDGUN ",6320,526.6666666666666
601,2016,9,"HANDGUN ",6320,526.6666666666666
527,2016,8,"HANDGUN ",6320,526.6666666666666
482,2016,7,"HANDGUN ",6320,526.6666666666666
481,2016,6,"HANDGUN ",6320,526.6666666666666
512,2016,5,"HANDGUN ",6320,526.6666666666666
533,2016,4,"HANDGUN ",6320,526.6666666666666
493,2016,3,"HANDGUN ",6320,526.6666666666666
504,2016,2,"HANDGUN ",6320,526.6666666666666
436,2016,1,"HANDGUN ",6320,526.6666666666666
543,2015,12,"HANDGUN ",6037,503.0833333333333
449,2015,11,"HANDGUN ",6037,503.0833333333333
601,2015,10,"HANDGUN ",6037,503.0833333333333
432,2015,9,"HANDGUN ",6037,503.0833333333333
582,2015,8,"HANDGUN ",6037,503.0833333333333
586,2015,7,"HANDGUN ",6037,503.0833333333333
545,2015,6,"HANDGUN ",6037,503.0833333333333
529,2015,5,"HANDGUN ",6037,503.0833333333333
410,2015,4,"HANDGUN ",6037,503.0833333333333
480,2015,3,"HANDGUN ",6037,503.0833333333333
343,2015,2,"HANDGUN ",6037,503.0833333333333
537,2015,1,"HANDGUN ",6037,503.0833333333333
4,2022,5,"HANDGUN AUTOMATIC",13,3.25
5,2022,4,"HANDGUN AUTOMATIC",13,3.25
3,2022,3,"HANDGUN AUTOMATIC",13,3.25
1,2022,2,"HANDGUN AUTOMATIC",13,3.25
4,2021,11,"HANDGUN AUTOMATIC",7,2.3333333333333335
2,2021,3,"HANDGUN AUTOMATIC",7,2.3333333333333335
1,2021,1,"HANDGUN AUTOMATIC",7,2.3333333333333335
1,2020,12,"HANDGUN AUTOMATIC",9,1.5
2,2020,8,"HANDGUN AUTOMATIC",9,1.5
3,2020,7,"HANDGUN AUTOMATIC",9,1.5
1,2020,4,"HANDGUN AUTOMATIC",9,1.5
1,2020,2,"HANDGUN AUTOMATIC",9,1.5
1,2020,1,"HANDGUN AUTOMATIC",9,1.5
4,2019,11,"HANDGUN AUTOMATIC",22,2.2
1,2019,10,"HANDGUN AUTOMATIC",22,2.2
1,2019,8,"HANDGUN AUTOMATIC",22,2.2
3,2019,7,"HANDGUN AUTOMATIC",22,2.2
4,2019,6,"HANDGUN AUTOMATIC",22,2.2
1,2019,5,"HANDGUN AUTOMATIC",22,2.2
3,2019,4,"HANDGUN AUTOMATIC",22,2.2
1,2019,3,"HANDGUN AUTOMATIC",22,2.2
3,2019,2,"HANDGUN AUTOMATIC",22,2.2
1,2019,1,"HANDGUN AUTOMATIC",22,2.2
1,2018,12,"HANDGUN AUTOMATIC",10,1.6666666666666667
2,2018,7,"HANDGUN AUTOMATIC",10,1.6666666666666667
1,2018,5,"HANDGUN AUTOMATIC",10,1.6666666666666667
1,2018,4,"HANDGUN AUTOMATIC",10,1.6666666666666667
3,2018,3,"HANDGUN AUTOMATIC",10,1.6666666666666667
2,2018,1,"HANDGUN AUTOMATIC",10,1.6666666666666667
1,2017,11,"HANDGUN AUTOMATIC",13,2.1666666666666665
4,2017,10,"HANDGUN AUTOMATIC",13,2.1666666666666665
3,2017,8,"HANDGUN AUTOMATIC",13,2.1666666666666665
3,2017,7,"HANDGUN AUTOMATIC",13,2.1666666666666665
1,2017,5,"HANDGUN AUTOMATIC",13,2.1666666666666665
1,2017,4,"HANDGUN AUTOMATIC",13,2.1666666666666665
5,2016,12,"HANDGUN AUTOMATIC",19,2.111111111111111
1,2016,10,"HANDGUN AUTOMATIC",19,2.111111111111111
2,2016,9,"HANDGUN AUTOMATIC",19,2.111111111111111
1,2016,8,"HANDGUN AUTOMATIC",19,2.111111111111111
1,2016,5,"HANDGUN AUTOMATIC",19,2.111111111111111
2,2016,4,"HANDGUN AUTOMATIC",19,2.111111111111111
3,2016,3,"HANDGUN AUTOMATIC",19,2.111111111111111
1,2016,2,"HANDGUN AUTOMATIC",19,2.111111111111111
3,2016,1,"HANDGUN AUTOMATIC",19,2.111111111111111
4,2015,12,"HANDGUN AUTOMATIC",79,7.181818181818182
11,2015,11,"HANDGUN AUTOMATIC",79,7.181818181818182
7,2015,10,"HANDGUN AUTOMATIC",79,7.181818181818182
11,2015,9,"HANDGUN AUTOMATIC",79,7.181818181818182
13,2015,8,"HANDGUN AUTOMATIC",79,7.181818181818182
2,2015,7,"HANDGUN AUTOMATIC",79,7.181818181818182
9,2015,6,"HANDGUN AUTOMATIC",79,7.181818181818182
5,2015,5,"HANDGUN AUTOMATIC",79,7.181818181818182
7,2015,4,"HANDGUN AUTOMATIC",79,7.181818181818182
8,2015,3,"HANDGUN AUTOMATIC",79,7.181818181818182
2,2015,2,"HANDGUN AUTOMATIC",79,7.181818181818182
229,2022,5,"HANDGUN SEMI-AUTOMATIC",1502,300.4
507,2022,4,"HANDGUN SEMI-AUTOMATIC",1502,300.4
289,2022,3,"HANDGUN SEMI-AUTOMATIC",1502,300.4
250,2022,2,"HANDGUN SEMI-AUTOMATIC",1502,300.4
227,2022,1,"HANDGUN SEMI-AUTOMATIC",1502,300.4
217,2021,12,"HANDGUN SEMI-AUTOMATIC",1506,125.5
149,2021,11,"HANDGUN SEMI-AUTOMATIC",1506,125.5
102,2021,10,"HANDGUN SEMI-AUTOMATIC",1506,125.5
146,2021,9,"HANDGUN SEMI-AUTOMATIC",1506,125.5
123,2021,8,"HANDGUN SEMI-AUTOMATIC",1506,125.5
116,2021,7,"HANDGUN SEMI-AUTOMATIC",1506,125.5
104,2021,6,"HANDGUN SEMI-AUTOMATIC",1506,125.5
93,2021,5,"HANDGUN SEMI-AUTOMATIC",1506,125.5
127,2021,4,"HANDGUN SEMI-AUTOMATIC",1506,125.5
136,2021,3,"HANDGUN SEMI-AUTOMATIC",1506,125.5
106,2021,2,"HANDGUN SEMI-AUTOMATIC",1506,125.5
87,2021,1,"HANDGUN SEMI-AUTOMATIC",1506,125.5
101,2020,12,"HANDGUN SEMI-AUTOMATIC",1579,131.58333333333334
137,2020,11,"HANDGUN SEMI-AUTOMATIC",1579,131.58333333333334
132,2020,10,"HANDGUN SEMI-AUTOMATIC",1579,131.58333333333334
136,2020,9,"HANDGUN SEMI-AUTOMATIC",1579,131.58333333333334
123,2020,8,"HANDGUN SEMI-AUTOMATIC",1579,131.58333333333334
155,2020,7,"HANDGUN SEMI-AUTOMATIC",1579,131.58333333333334
124,2020,6,"HANDGUN SEMI-AUTOMATIC",1579,131.58333333333334
166,2020,5,"HANDGUN SEMI-AUTOMATIC",1579,131.58333333333334
119,2020,4,"HANDGUN SEMI-AUTOMATIC",1579,131.58333333333334
145,2020,3,"HANDGUN SEMI-AUTOMATIC",1579,131.58333333333334
124,2020,2,"HANDGUN SEMI-AUTOMATIC",1579,131.58333333333334
117,2020,1,"HANDGUN SEMI-AUTOMATIC",1579,131.58333333333334
141,2019,12,"HANDGUN SEMI-AUTOMATIC",1568,130.66666666666666
123,2019,11,"HANDGUN SEMI-AUTOMATIC",1568,130.66666666666666
149,2019,10,"HANDGUN SEMI-AUTOMATIC",1568,130.66666666666666
163,2019,9,"HANDGUN SEMI-AUTOMATIC",1568,130.66666666666666
131,2019,8,"HANDGUN SEMI-AUTOMATIC",1568,130.66666666666666
149,2019,7,"HANDGUN SEMI-AUTOMATIC",1568,130.66666666666666
154,2019,6,"HANDGUN SEMI-AUTOMATIC",1568,130.66666666666666
142,2019,5,"HANDGUN SEMI-AUTOMATIC",1568,130.66666666666666
146,2019,4,"HANDGUN SEMI-AUTOMATIC",1568,130.66666666666666
92,2019,3,"HANDGUN SEMI-AUTOMATIC",1568,130.66666666666666
85,2019,2,"HANDGUN SEMI-AUTOMATIC",1568,130.66666666666666
93,2019,1,"HANDGUN SEMI-AUTOMATIC",1568,130.66666666666666
46,2018,12,"HANDGUN SEMI-AUTOMATIC",246,20.5
21,2018,11,"HANDGUN SEMI-AUTOMATIC",246,20.5
25,2018,10,"HANDGUN SEMI-AUTOMATIC",246,20.5
12,2018,9,"HANDGUN SEMI-AUTOMATIC",246,20.5
25,2018,8,"HANDGUN SEMI-AUTOMATIC",246,20.5
14,2018,7,"HANDGUN SEMI-AUTOMATIC",246,20.5
21,2018,6,"HANDGUN SEMI-AUTOMATIC",246,20.5
17,2018,5,"HANDGUN SEMI-AUTOMATIC",246,20.5
21,2018,4,"HANDGUN SEMI-AUTOMATIC",246,20.5
12,2018,3,"HANDGUN SEMI-AUTOMATIC",246,20.5
20,2018,2,"HANDGUN SEMI-AUTOMATIC",246,20.5
12,2018,1,"HANDGUN SEMI-AUTOMATIC",246,20.5
86,2017,12,"HANDGUN SEMI-AUTOMATIC",1293,107.75
96,2017,11,"HANDGUN SEMI-AUTOMATIC",1293,107.75
129,2017,10,"HANDGUN SEMI-AUTOMATIC",1293,107.75
132,2017,9,"HANDGUN SEMI-AUTOMATIC",1293,107.75
127,2017,8,"HANDGUN SEMI-AUTOMATIC",1293,107.75
99,2017,7,"HANDGUN SEMI-AUTOMATIC",1293,107.75
113,2017,6,"HANDGUN SEMI-AUTOMATIC",1293,107.75
135,2017,5,"HANDGUN SEMI-AUTOMATIC",1293,107.75
102,2017,4,"HANDGUN SEMI-AUTOMATIC",1293,107.75
88,2017,3,"HANDGUN SEMI-AUTOMATIC",1293,107.75
61,2017,2,"HANDGUN SEMI-AUTOMATIC",1293,107.75
125,2017,1,"HANDGUN SEMI-AUTOMATIC",1293,107.75
143,2016,12,"HANDGUN SEMI-AUTOMATIC",1046,87.16666666666667
82,2016,11,"HANDGUN SEMI-AUTOMATIC",1046,87.16666666666667
110,2016,10,"HANDGUN SEMI-AUTOMATIC",1046,87.16666666666667
89,2016,9,"HANDGUN SEMI-AUTOMATIC",1046,87.16666666666667
81,2016,8,"HANDGUN SEMI-AUTOMATIC",1046,87.16666666666667
84,2016,7,"HANDGUN SEMI-AUTOMATIC",1046,87.16666666666667
82,2016,6,"HANDGUN SEMI-AUTOMATIC",1046,87.16666666666667
86,2016,5,"HANDGUN SEMI-AUTOMATIC",1046,87.16666666666667
80,2016,4,"HANDGUN SEMI-AUTOMATIC",1046,87.16666666666667
68,2016,3,"HANDGUN SEMI-AUTOMATIC",1046,87.16666666666667
57,2016,2,"HANDGUN SEMI-AUTOMATIC",1046,87.16666666666667
84,2016,1,"HANDGUN SEMI-AUTOMATIC",1046,87.16666666666667
87,2015,12,"HANDGUN SEMI-AUTOMATIC",1062,88.5
67,2015,11,"HANDGUN SEMI-AUTOMATIC",1062,88.5
113,2015,10,"HANDGUN SEMI-AUTOMATIC",1062,88.5
116,2015,9,"HANDGUN SEMI-AUTOMATIC",1062,88.5
139,2015,8,"HANDGUN SEMI-AUTOMATIC",1062,88.5
115,2015,7,"HANDGUN SEMI-AUTOMATIC",1062,88.5
105,2015,6,"HANDGUN SEMI-AUTOMATIC",1062,88.5
103,2015,5,"HANDGUN SEMI-AUTOMATIC",1062,88.5
73,2015,4,"HANDGUN SEMI-AUTOMATIC",1062,88.5
56,2015,3,"HANDGUN SEMI-AUTOMATIC",1062,88.5
23,2015,2,"HANDGUN SEMI-AUTOMATIC",1062,88.5
65,2015,1,"HANDGUN SEMI-AUTOMATIC",1062,88.5
5,2022,5,"INCENDIARY DEVICES",36,7.2
10,2022,4,"INCENDIARY DEVICES",36,7.2
4,2022,3,"INCENDIARY DEVICES",36,7.2
10,2022,2,"INCENDIARY DEVICES",36,7.2
7,2022,1,"INCENDIARY DEVICES",36,7.2
12,2021,12,"INCENDIARY DEVICES",110,9.166666666666666
5,2021,11,"INCENDIARY DEVICES",110,9.166666666666666
11,2021,10,"INCENDIARY DEVICES",110,9.166666666666666
7,2021,9,"INCENDIARY DEVICES",110,9.166666666666666
8,2021,8,"INCENDIARY DEVICES",110,9.166666666666666
13,2021,7,"INCENDIARY DEVICES",110,9.166666666666666
13,2021,6,"INCENDIARY DEVICES",110,9.166666666666666
14,2021,5,"INCENDIARY DEVICES",110,9.166666666666666
10,2021,4,"INCENDIARY DEVICES",110,9.166666666666666
6,2021,3,"INCENDIARY DEVICES",110,9.166666666666666
5,2021,2,"INCENDIARY DEVICES",110,9.166666666666666
6,2021,1,"INCENDIARY DEVICES",110,9.166666666666666
14,2020,12,"INCENDIARY DEVICES",130,10.833333333333334
10,2020,11,"INCENDIARY DEVICES",130,10.833333333333334
14,2020,10,"INCENDIARY DEVICES",130,10.833333333333334
11,2020,9,"INCENDIARY DEVICES",130,10.833333333333334
12,2020,8,"INCENDIARY DEVICES",130,10.833333333333334
15,2020,7,"INCENDIARY DEVICES",130,10.833333333333334
8,2020,6,"INCENDIARY DEVICES",130,10.833333333333334
12,2020,5,"INCENDIARY DEVICES",130,10.833333333333334
9,2020,4,"INCENDIARY DEVICES",130,10.833333333333334
10,2020,3,"INCENDIARY DEVICES",130,10.833333333333334
6,2020,2,"INCENDIARY DEVICES",130,10.833333333333334
9,2020,1,"INCENDIARY DEVICES",130,10.833333333333334
9,2019,12,"INCENDIARY DEVICES",74,6.166666666666667
6,2019,11,"INCENDIARY DEVICES",74,6.166666666666667
8,2019,10,"INCENDIARY DEVICES",74,6.166666666666667
6,2019,9,"INCENDIARY DEVICES",74,6.166666666666667
8,2019,8,"INCENDIARY DEVICES",74,6.166666666666667
12,2019,7,"INCENDIARY DEVICES",74,6.166666666666667
9,2019,6,"INCENDIARY DEVICES",74,6.166666666666667
2,2019,5,"INCENDIARY DEVICES",74,6.166666666666667
3,2019,4,"INCENDIARY DEVICES",74,6.166666666666667
5,2019,3,"INCENDIARY DEVICES",74,6.166666666666667
5,2019,2,"INCENDIARY DEVICES",74,6.166666666666667
1,2019,1,"INCENDIARY DEVICES",74,6.166666666666667
7,2018,12,"INCENDIARY DEVICES",76,6.333333333333333
5,2018,11,"INCENDIARY DEVICES",76,6.333333333333333
3,2018,10,"INCENDIARY DEVICES",76,6.333333333333333
7,2018,9,"INCENDIARY DEVICES",76,6.333333333333333
8,2018,8,"INCENDIARY DEVICES",76,6.333333333333333
9,2018,7,"INCENDIARY DEVICES",76,6.333333333333333
15,2018,6,"INCENDIARY DEVICES",76,6.333333333333333
3,2018,5,"INCENDIARY DEVICES",76,6.333333333333333
6,2018,4,"INCENDIARY DEVICES",76,6.333333333333333
4,2018,3,"INCENDIARY DEVICES",76,6.333333333333333
3,2018,2,"INCENDIARY DEVICES",76,6.333333333333333
6,2018,1,"INCENDIARY DEVICES",76,6.333333333333333
7,2017,12,"INCENDIARY DEVICES",74,6.166666666666667
2,2017,11,"INCENDIARY DEVICES",74,6.166666666666667
10,2017,10,"INCENDIARY DEVICES",74,6.166666666666667
4,2017,9,"INCENDIARY DEVICES",74,6.166666666666667
12,2017,8,"INCENDIARY DEVICES",74,6.166666666666667
2,2017,7,"INCENDIARY DEVICES",74,6.166666666666667
6,2017,6,"INCENDIARY DEVICES",74,6.166666666666667
11,2017,5,"INCENDIARY DEVICES",74,6.166666666666667
11,2017,4,"INCENDIARY DEVICES",74,6.166666666666667
2,2017,3,"INCENDIARY DEVICES",74,6.166666666666667
4,2017,2,"INCENDIARY DEVICES",74,6.166666666666667
3,2017,1,"INCENDIARY DEVICES",74,6.166666666666667
7,2016,12,"INCENDIARY DEVICES",81,6.75
8,2016,11,"INCENDIARY DEVICES",81,6.75
4,2016,10,"INCENDIARY DEVICES",81,6.75
5,2016,9,"INCENDIARY DEVICES",81,6.75
9,2016,8,"INCENDIARY DEVICES",81,6.75
12,2016,7,"INCENDIARY DEVICES",81,6.75
4,2016,6,"INCENDIARY DEVICES",81,6.75
4,2016,5,"INCENDIARY DEVICES",81,6.75
12,2016,4,"INCENDIARY DEVICES",81,6.75
7,2016,3,"INCENDIARY DEVICES",81,6.75
3,2016,2,"INCENDIARY DEVICES",81,6.75
6,2016,1,"INCENDIARY DEVICES",81,6.75
6,2015,12,"INCENDIARY DEVICES",85,7.083333333333333
4,2015,11,"INCENDIARY DEVICES",85,7.083333333333333
10,2015,10,"INCENDIARY DEVICES",85,7.083333333333333
11,2015,9,"INCENDIARY DEVICES",85,7.083333333333333
7,2015,8,"INCENDIARY DEVICES",85,7.083333333333333
7,2015,7,"INCENDIARY DEVICES",85,7.083333333333333
11,2015,6,"INCENDIARY DEVICES",85,7.083333333333333
9,2015,5,"INCENDIARY DEVICES",85,7.083333333333333
8,2015,4,"INCENDIARY DEVICES",85,7.083333333333333
6,2015,3,"INCENDIARY DEVICES",85,7.083333333333333
3,2015,2,"INCENDIARY DEVICES",85,7.083333333333333
3,2015,1,"INCENDIARY DEVICES",85,7.083333333333333
1,2019,12,"LEATHER BONDAGE",2,1.0
1,2019,7,"LEATHER BONDAGE",2,1.0
1,2017,11,"LEATHER BONDAGE",3,1.0
1,2017,7,"LEATHER BONDAGE",3,1.0
1,2017,2,"LEATHER BONDAGE",3,1.0
1,2016,6,"LEATHER BONDAGE",1,1.0
1,2015,11,"LEATHER BONDAGE",3,1.0
1,2015,6,"LEATHER BONDAGE",3,1.0
1,2015,2,"LEATHER BONDAGE",3,1.0
21,2022,5,"MOTOR VEHICLE",317,63.4
55,2022,4,"MOTOR VEHICLE",317,63.4
79,2022,3,"MOTOR VEHICLE",317,63.4
90,2022,2,"MOTOR VEHICLE",317,63.4
72,2022,1,"MOTOR VEHICLE",317,63.4
87,2021,12,"MOTOR VEHICLE",850,70.83333333333333
67,2021,11,"MOTOR VEHICLE",850,70.83333333333333
101,2021,10,"MOTOR VEHICLE",850,70.83333333333333
63,2021,9,"MOTOR VEHICLE",850,70.83333333333333
71,2021,8,"MOTOR VEHICLE",850,70.83333333333333
74,2021,7,"MOTOR VEHICLE",850,70.83333333333333
78,2021,6,"MOTOR VEHICLE",850,70.83333333333333
75,2021,5,"MOTOR VEHICLE",850,70.83333333333333
69,2021,4,"MOTOR VEHICLE",850,70.83333333333333
71,2021,3,"MOTOR VEHICLE",850,70.83333333333333
46,2021,2,"MOTOR VEHICLE",850,70.83333333333333
48,2021,1,"MOTOR VEHICLE",850,70.83333333333333
54,2020,12,"MOTOR VEHICLE",788,65.66666666666667
75,2020,11,"MOTOR VEHICLE",788,65.66666666666667
85,2020,10,"MOTOR VEHICLE",788,65.66666666666667
67,2020,9,"MOTOR VEHICLE",788,65.66666666666667
75,2020,8,"MOTOR VEHICLE",788,65.66666666666667
75,2020,7,"MOTOR VEHICLE",788,65.66666666666667
54,2020,6,"MOTOR VEHICLE",788,65.66666666666667
67,2020,5,"MOTOR VEHICLE",788,65.66666666666667
73,2020,4,"MOTOR VEHICLE",788,65.66666666666667
63,2020,3,"MOTOR VEHICLE",788,65.66666666666667
38,2020,2,"MOTOR VEHICLE",788,65.66666666666667
62,2020,1,"MOTOR VEHICLE",788,65.66666666666667
70,2019,12,"MOTOR VEHICLE",751,62.583333333333336
59,2019,11,"MOTOR VEHICLE",751,62.583333333333336
69,2019,10,"MOTOR VEHICLE",751,62.583333333333336
55,2019,9,"MOTOR VEHICLE",751,62.583333333333336
66,2019,8,"MOTOR VEHICLE",751,62.583333333333336
81,2019,7,"MOTOR VEHICLE",751,62.583333333333336
54,2019,6,"MOTOR VEHICLE",751,62.583333333333336
68,2019,5,"MOTOR VEHICLE",751,62.583333333333336
70,2019,4,"MOTOR VEHICLE",751,62.583333333333336
70,2019,3,"MOTOR VEHICLE",751,62.583333333333336
43,2019,2,"MOTOR VEHICLE",751,62.583333333333336
46,2019,1,"MOTOR VEHICLE",751,62.583333333333336
56,2018,12,"MOTOR VEHICLE",785,65.41666666666667
64,2018,11,"MOTOR VEHICLE",785,65.41666666666667
82,2018,10,"MOTOR VEHICLE",785,65.41666666666667
55,2018,9,"MOTOR VEHICLE",785,65.41666666666667
59,2018,8,"MOTOR VEHICLE",785,65.41666666666667
82,2018,7,"MOTOR VEHICLE",785,65.41666666666667
82,2018,6,"MOTOR VEHICLE",785,65.41666666666667
70,2018,5,"MOTOR VEHICLE",785,65.41666666666667
51,2018,4,"MOTOR VEHICLE",785,65.41666666666667
69,2018,3,"MOTOR VEHICLE",785,65.41666666666667
53,2018,2,"MOTOR VEHICLE",785,65.41666666666667
62,2018,1,"MOTOR VEHICLE",785,65.41666666666667
69,2017,12,"MOTOR VEHICLE",692,57.666666666666664
45,2017,11,"MOTOR VEHICLE",692,57.666666666666664
48,2017,10,"MOTOR VEHICLE",692,57.666666666666664
43,2017,9,"MOTOR VEHICLE",692,57.666666666666664
64,2017,8,"MOTOR VEHICLE",692,57.666666666666664
75,2017,7,"MOTOR VEHICLE",692,57.666666666666664
59,2017,6,"MOTOR VEHICLE",692,57.666666666666664
78,2017,5,"MOTOR VEHICLE",692,57.666666666666664
89,2017,4,"MOTOR VEHICLE",692,57.666666666666664
28,2017,3,"MOTOR VEHICLE",692,57.666666666666664
43,2017,2,"MOTOR VEHICLE",692,57.666666666666664
51,2017,1,"MOTOR VEHICLE",692,57.666666666666664
51,2016,12,"MOTOR VEHICLE",711,59.25
46,2016,11,"MOTOR VEHICLE",711,59.25
55,2016,10,"MOTOR VEHICLE",711,59.25
78,2016,9,"MOTOR VEHICLE",711,59.25
62,2016,8,"MOTOR VEHICLE",711,59.25
49,2016,7,"MOTOR VEHICLE",711,59.25
64,2016,6,"MOTOR VEHICLE",711,59.25
74,2016,5,"MOTOR VEHICLE",711,59.25
65,2016,4,"MOTOR VEHICLE",711,59.25
61,2016,3,"MOTOR VEHICLE",711,59.25
56,2016,2,"MOTOR VEHICLE",711,59.25
50,2016,1,"MOTOR VEHICLE",711,59.25
55,2015,12,"MOTOR VEHICLE",690,57.5
61,2015,11,"MOTOR VEHICLE",690,57.5
56,2015,10,"MOTOR VEHICLE",690,57.5
54,2015,9,"MOTOR VEHICLE",690,57.5
60,2015,8,"MOTOR VEHICLE",690,57.5
73,2015,7,"MOTOR VEHICLE",690,57.5
60,2015,6,"MOTOR VEHICLE",690,57.5
74,2015,5,"MOTOR VEHICLE",690,57.5
47,2015,4,"MOTOR VEHICLE",690,57.5
71,2015,3,"MOTOR VEHICLE",690,57.5
40,2015,2,"MOTOR VEHICLE",690,57.5
39,2015,1,"MOTOR VEHICLE",690,57.5
10,2022,5,"NARCOTICS",97,19.4
25,2022,4,"NARCOTICS",97,19.4
26,2022,3,"NARCOTICS",97,19.4
21,2022,2,"NARCOTICS",97,19.4
15,2022,1,"NARCOTICS",97,19.4
17,2021,12,"NARCOTICS",251,20.916666666666668
21,2021,11,"NARCOTICS",251,20.916666666666668
26,2021,10,"NARCOTICS",251,20.916666666666668
29,2021,9,"NARCOTICS",251,20.916666666666668
20,2021,8,"NARCOTICS",251,20.916666666666668
14,2021,7,"NARCOTICS",251,20.916666666666668
19,2021,6,"NARCOTICS",251,20.916666666666668
26,2021,5,"NARCOTICS",251,20.916666666666668
17,2021,4,"NARCOTICS",251,20.916666666666668
27,2021,3,"NARCOTICS",251,20.916666666666668
22,2021,2,"NARCOTICS",251,20.916666666666668
13,2021,1,"NARCOTICS",251,20.916666666666668
22,2020,12,"NARCOTICS",307,25.583333333333332
16,2020,11,"NARCOTICS",307,25.583333333333332
16,2020,10,"NARCOTICS",307,25.583333333333332
21,2020,9,"NARCOTICS",307,25.583333333333332
22,2020,8,"NARCOTICS",307,25.583333333333332
20,2020,7,"NARCOTICS",307,25.583333333333332
17,2020,6,"NARCOTICS",307,25.583333333333332
28,2020,5,"NARCOTICS",307,25.583333333333332
35,2020,4,"NARCOTICS",307,25.583333333333332
35,2020,3,"NARCOTICS",307,25.583333333333332
38,2020,2,"NARCOTICS",307,25.583333333333332
37,2020,1,"NARCOTICS",307,25.583333333333332
29,2019,12,"NARCOTICS",339,28.25
20,2019,11,"NARCOTICS",339,28.25
30,2019,10,"NARCOTICS",339,28.25
34,2019,9,"NARCOTICS",339,28.25
50,2019,8,"NARCOTICS",339,28.25
34,2019,7,"NARCOTICS",339,28.25
25,2019,6,"NARCOTICS",339,28.25
17,2019,5,"NARCOTICS",339,28.25
38,2019,4,"NARCOTICS",339,28.25
26,2019,3,"NARCOTICS",339,28.25
22,2019,2,"NARCOTICS",339,28.25
14,2019,1,"NARCOTICS",339,28.25
18,2018,12,"NARCOTICS",416,34.666666666666664
25,2018,11,"NARCOTICS",416,34.666666666666664
23,2018,10,"NARCOTICS",416,34.666666666666664
15,2018,9,"NARCOTICS",416,34.666666666666664
39,2018,8,"NARCOTICS",416,34.666666666666664
27,2018,7,"NARCOTICS",416,34.666666666666664
53,2018,6,"NARCOTICS",416,34.666666666666664
35,2018,5,"NARCOTICS",416,34.666666666666664
47,2018,4,"NARCOTICS",416,34.666666666666664
56,2018,3,"NARCOTICS",416,34.666666666666664
31,2018,2,"NARCOTICS",416,34.666666666666664
47,2018,1,"NARCOTICS",416,34.666666666666664
28,2017,12,"NARCOTICS",328,27.333333333333332
30,2017,11,"NARCOTICS",328,27.333333333333332
23,2017,10,"NARCOTICS",328,27.333333333333332
28,2017,9,"NARCOTICS",328,27.333333333333332
27,2017,8,"NARCOTICS",328,27.333333333333332
35,2017,7,"NARCOTICS",328,27.333333333333332
18,2017,6,"NARCOTICS",328,27.333333333333332
17,2017,5,"NARCOTICS",328,27.333333333333332
29,2017,4,"NARCOTICS",328,27.333333333333332
42,2017,3,"NARCOTICS",328,27.333333333333332
21,2017,2,"NARCOTICS",328,27.333333333333332
30,2017,1,"NARCOTICS",328,27.333333333333332
19,2016,12,"NARCOTICS",325,27.083333333333332
33,2016,11,"NARCOTICS",325,27.083333333333332
32,2016,10,"NARCOTICS",325,27.083333333333332
41,2016,9,"NARCOTICS",325,27.083333333333332
28,2016,8,"NARCOTICS",325,27.083333333333332
23,2016,7,"NARCOTICS",325,27.083333333333332
17,2016,6,"NARCOTICS",325,27.083333333333332
16,2016,5,"NARCOTICS",325,27.083333333333332
27,2016,4,"NARCOTICS",325,27.083333333333332
29,2016,3,"NARCOTICS",325,27.083333333333332
31,2016,2,"NARCOTICS",325,27.083333333333332
29,2016,1,"NARCOTICS",325,27.083333333333332
15,2015,12,"NARCOTICS",308,25.666666666666668
24,2015,11,"NARCOTICS",308,25.666666666666668
22,2015,10,"NARCOTICS",308,25.666666666666668
24,2015,9,"NARCOTICS",308,25.666666666666668
42,2015,8,"NARCOTICS",308,25.666666666666668
13,2015,7,"NARCOTICS",308,25.666666666666668
26,2015,6,"NARCOTICS",308,25.666666666666668
26,2015,5,"NARCOTICS",308,25.666666666666668
22,2015,4,"NARCOTICS",308,25.666666666666668
33,2015,3,"NARCOTICS",308,25.666666666666668
28,2015,2,"NARCOTICS",308,25.666666666666668
33,2015,1,"NARCOTICS",308,25.666666666666668
2534,2022,5,"NONE ",24278,4855.6
5417,2022,4,"NONE ",24278,4855.6
5644,2022,3,"NONE ",24278,4855.6
5197,2022,2,"NONE ",24278,4855.6
5486,2022,1,"NONE ",24278,4855.6
5540,2021,12,"NONE ",70727,5893.916666666667
5581,2021,11,"NONE ",70727,5893.916666666667
6343,2021,10,"NONE ",70727,5893.916666666667
6410,2021,9,"NONE ",70727,5893.916666666667
6234,2021,8,"NONE ",70727,5893.916666666667
6483,2021,7,"NONE ",70727,5893.916666666667
6173,2021,6,"NONE ",70727,5893.916666666667
6411,2021,5,"NONE ",70727,5893.916666666667
5545,2021,4,"NONE ",70727,5893.916666666667
5385,2021,3,"NONE ",70727,5893.916666666667
4850,2021,2,"NONE ",70727,5893.916666666667
5772,2021,1,"NONE ",70727,5893.916666666667
5677,2020,12,"NONE ",74403,6200.25
5733,2020,11,"NONE ",74403,6200.25
6457,2020,10,"NONE ",74403,6200.25
6376,2020,9,"NONE ",74403,6200.25
7045,2020,8,"NONE ",74403,6200.25
6534,2020,7,"NONE ",74403,6200.25
5955,2020,6,"NONE ",74403,6200.25
6082,2020,5,"NONE ",74403,6200.25
5752,2020,4,"NONE ",74403,6200.25
6012,2020,3,"NONE ",74403,6200.25
6160,2020,2,"NONE ",74403,6200.25
6620,2020,1,"NONE ",74403,6200.25
6215,2019,12,"NONE ",76888,6407.333333333333
6110,2019,11,"NONE ",76888,6407.333333333333
6655,2019,10,"NONE ",76888,6407.333333333333
6497,2019,9,"NONE ",76888,6407.333333333333
6732,2019,8,"NONE ",76888,6407.333333333333
6980,2019,7,"NONE ",76888,6407.333333333333
6672,2019,6,"NONE ",76888,6407.333333333333
6599,2019,5,"NONE ",76888,6407.333333333333
6426,2019,4,"NONE ",76888,6407.333333333333
6174,2019,3,"NONE ",76888,6407.333333333333
5448,2019,2,"NONE ",76888,6407.333333333333
6380,2019,1,"NONE ",76888,6407.333333333333
6284,2018,12,"NONE ",81373,6781.083333333333
6378,2018,11,"NONE ",81373,6781.083333333333
6874,2018,10,"NONE ",81373,6781.083333333333
6618,2018,9,"NONE ",81373,6781.083333333333
7379,2018,8,"NONE ",81373,6781.083333333333
7247,2018,7,"NONE ",81373,6781.083333333333
6895,2018,6,"NONE ",81373,6781.083333333333
6969,2018,5,"NONE ",81373,6781.083333333333
6862,2018,4,"NONE ",81373,6781.083333333333
6855,2018,3,"NONE ",81373,6781.083333333333
6167,2018,2,"NONE ",81373,6781.083333333333
6845,2018,1,"NONE ",81373,6781.083333333333
6235,2017,12,"NONE ",80329,6694.083333333333
6431,2017,11,"NONE ",80329,6694.083333333333
6832,2017,10,"NONE ",80329,6694.083333333333
6761,2017,9,"NONE ",80329,6694.083333333333
6873,2017,8,"NONE ",80329,6694.083333333333
7045,2017,7,"NONE ",80329,6694.083333333333
6905,2017,6,"NONE ",80329,6694.083333333333
7065,2017,5,"NONE ",80329,6694.083333333333
6754,2017,4,"NONE ",80329,6694.083333333333
6716,2017,3,"NONE ",80329,6694.083333333333
5859,2017,2,"NONE ",80329,6694.083333333333
6853,2017,1,"NONE ",80329,6694.083333333333
6355,2016,12,"NONE ",78735,6561.25
6233,2016,11,"NONE ",78735,6561.25
6711,2016,10,"NONE ",78735,6561.25
6638,2016,9,"NONE ",78735,6561.25
6837,2016,8,"NONE ",78735,6561.25
6453,2016,7,"NONE ",78735,6561.25
6477,2016,6,"NONE ",78735,6561.25
6779,2016,5,"NONE ",78735,6561.25
6860,2016,4,"NONE ",78735,6561.25
7079,2016,3,"NONE ",78735,6561.25
6002,2016,2,"NONE ",78735,6561.25
6311,2016,1,"NONE ",78735,6561.25
6709,2015,12,"NONE ",78246,6520.5
6179,2015,11,"NONE ",78246,6520.5
6878,2015,10,"NONE ",78246,6520.5
6862,2015,9,"NONE ",78246,6520.5
7044,2015,8,"NONE ",78246,6520.5
6978,2015,7,"NONE ",78246,6520.5
6875,2015,6,"NONE ",78246,6520.5
6730,2015,5,"NONE ",78246,6520.5
6445,2015,4,"NONE ",78246,6520.5
6515,2015,3,"NONE ",78246,6520.5
5135,2015,2,"NONE ",78246,6520.5
5896,2015,1,"NONE ",78246,6520.5
93,2022,5,"OTHER ",739,147.8
175,2022,4,"OTHER ",739,147.8
163,2022,3,"OTHER ",739,147.8
149,2022,2,"OTHER ",739,147.8
159,2022,1,"OTHER ",739,147.8
238,2021,12,"OTHER ",2182,181.83333333333334
163,2021,11,"OTHER ",2182,181.83333333333334
197,2021,10,"OTHER ",2182,181.83333333333334
183,2021,9,"OTHER ",2182,181.83333333333334
220,2021,8,"OTHER ",2182,181.83333333333334
228,2021,7,"OTHER ",2182,181.83333333333334
145,2021,6,"OTHER ",2182,181.83333333333334
173,2021,5,"OTHER ",2182,181.83333333333334
158,2021,4,"OTHER ",2182,181.83333333333334
175,2021,3,"OTHER ",2182,181.83333333333334
143,2021,2,"OTHER ",2182,181.83333333333334
159,2021,1,"OTHER ",2182,181.83333333333334
137,2020,12,"OTHER ",2084,173.66666666666666
178,2020,11,"OTHER ",2084,173.66666666666666
159,2020,10,"OTHER ",2084,173.66666666666666
189,2020,9,"OTHER ",2084,173.66666666666666
188,2020,8,"OTHER ",2084,173.66666666666666
197,2020,7,"OTHER ",2084,173.66666666666666
215,2020,6,"OTHER ",2084,173.66666666666666
193,2020,5,"OTHER ",2084,173.66666666666666
141,2020,4,"OTHER ",2084,173.66666666666666
150,2020,3,"OTHER ",2084,173.66666666666666
161,2020,2,"OTHER ",2084,173.66666666666666
176,2020,1,"OTHER ",2084,173.66666666666666
159,2019,12,"OTHER ",1902,158.5
159,2019,11,"OTHER ",1902,158.5
151,2019,10,"OTHER ",1902,158.5
184,2019,9,"OTHER ",1902,158.5
166,2019,8,"OTHER ",1902,158.5
165,2019,7,"OTHER ",1902,158.5
170,2019,6,"OTHER ",1902,158.5
178,2019,5,"OTHER ",1902,158.5
172,2019,4,"OTHER ",1902,158.5
119,2019,3,"OTHER ",1902,158.5
126,2019,2,"OTHER ",1902,158.5
153,2019,1,"OTHER ",1902,158.5
141,2018,12,"OTHER ",1894,157.83333333333334
153,2018,11,"OTHER ",1894,157.83333333333334
167,2018,10,"OTHER ",1894,157.83333333333334
146,2018,9,"OTHER ",1894,157.83333333333334
208,2018,8,"OTHER ",1894,157.83333333333334
158,2018,7,"OTHER ",1894,157.83333333333334
190,2018,6,"OTHER ",1894,157.83333333333334
160,2018,5,"OTHER ",1894,157.83333333333334
134,2018,4,"OTHER ",1894,157.83333333333334
136,2018,3,"OTHER ",1894,157.83333333333334
154,2018,2,"OTHER ",1894,157.83333333333334
147,2018,1,"OTHER ",1894,157.83333333333334
133,2017,12,"OTHER ",2007,167.25
135,2017,11,"OTHER ",2007,167.25
195,2017,10,"OTHER ",2007,167.25
198,2017,9,"OTHER ",2007,167.25
212,2017,8,"OTHER ",2007,167.25
173,2017,7,"OTHER ",2007,167.25
172,2017,6,"OTHER ",2007,167.25
197,2017,5,"OTHER ",2007,167.25
152,2017,4,"OTHER ",2007,167.25
145,2017,3,"OTHER ",2007,167.25
124,2017,2,"OTHER ",2007,167.25
171,2017,1,"OTHER ",2007,167.25
130,2016,12,"OTHER ",2039,169.91666666666666
147,2016,11,"OTHER ",2039,169.91666666666666
181,2016,10,"OTHER ",2039,169.91666666666666
163,2016,9,"OTHER ",2039,169.91666666666666
157,2016,8,"OTHER ",2039,169.91666666666666
180,2016,7,"OTHER ",2039,169.91666666666666
193,2016,6,"OTHER ",2039,169.91666666666666
179,2016,5,"OTHER ",2039,169.91666666666666
169,2016,4,"OTHER ",2039,169.91666666666666
186,2016,3,"OTHER ",2039,169.91666666666666
174,2016,2,"OTHER ",2039,169.91666666666666
180,2016,1,"OTHER ",2039,169.91666666666666
165,2015,12,"OTHER ",2410,200.83333333333334
161,2015,11,"OTHER ",2410,200.83333333333334
207,2015,10,"OTHER ",2410,200.83333333333334
195,2015,9,"OTHER ",2410,200.83333333333334
219,2015,8,"OTHER ",2410,200.83333333333334
241,2015,7,"OTHER ",2410,200.83333333333334
204,2015,6,"OTHER ",2410,200.83333333333334
234,2015,5,"OTHER ",2410,200.83333333333334
208,2015,4,"OTHER ",2410,200.83333333333334
202,2015,3,"OTHER ",2410,200.83333333333334
171,2015,2,"OTHER ",2410,200.83333333333334
203,2015,1,"OTHER ",2410,200.83333333333334
15,2022,5,"OTHER FIREARM",103,20.6
23,2022,4,"OTHER FIREARM",103,20.6
20,2022,3,"OTHER FIREARM",103,20.6
23,2022,2,"OTHER FIREARM",103,20.6
22,2022,1,"OTHER FIREARM",103,20.6
14,2021,12,"OTHER FIREARM",295,24.583333333333332
15,2021,11,"OTHER FIREARM",295,24.583333333333332
17,2021,10,"OTHER FIREARM",295,24.583333333333332
31,2021,9,"OTHER FIREARM",295,24.583333333333332
29,2021,8,"OTHER FIREARM",295,24.583333333333332
59,2021,7,"OTHER FIREARM",295,24.583333333333332
17,2021,6,"OTHER FIREARM",295,24.583333333333332
35,2021,5,"OTHER FIREARM",295,24.583333333333332
17,2021,4,"OTHER FIREARM",295,24.583333333333332
20,2021,3,"OTHER FIREARM",295,24.583333333333332
9,2021,2,"OTHER FIREARM",295,24.583333333333332
32,2021,1,"OTHER FIREARM",295,24.583333333333332
35,2020,12,"OTHER FIREARM",295,24.583333333333332
33,2020,11,"OTHER FIREARM",295,24.583333333333332
26,2020,10,"OTHER FIREARM",295,24.583333333333332
21,2020,9,"OTHER FIREARM",295,24.583333333333332
29,2020,8,"OTHER FIREARM",295,24.583333333333332
35,2020,7,"OTHER FIREARM",295,24.583333333333332
36,2020,6,"OTHER FIREARM",295,24.583333333333332
18,2020,5,"OTHER FIREARM",295,24.583333333333332
22,2020,4,"OTHER FIREARM",295,24.583333333333332
11,2020,3,"OTHER FIREARM",295,24.583333333333332
10,2020,2,"OTHER FIREARM",295,24.583333333333332
19,2020,1,"OTHER FIREARM",295,24.583333333333332
14,2019,12,"OTHER FIREARM",239,19.916666666666668
24,2019,11,"OTHER FIREARM",239,19.916666666666668
17,2019,10,"OTHER FIREARM",239,19.916666666666668
27,2019,9,"OTHER FIREARM",239,19.916666666666668
18,2019,8,"OTHER FIREARM",239,19.916666666666668
24,2019,7,"OTHER FIREARM",239,19.916666666666668
31,2019,6,"OTHER FIREARM",239,19.916666666666668
25,2019,5,"OTHER FIREARM",239,19.916666666666668
11,2019,4,"OTHER FIREARM",239,19.916666666666668
18,2019,3,"OTHER FIREARM",239,19.916666666666668
16,2019,2,"OTHER FIREARM",239,19.916666666666668
14,2019,1,"OTHER FIREARM",239,19.916666666666668
17,2018,12,"OTHER FIREARM",96,8.0
7,2018,11,"OTHER FIREARM",96,8.0
9,2018,10,"OTHER FIREARM",96,8.0
11,2018,9,"OTHER FIREARM",96,8.0
13,2018,8,"OTHER FIREARM",96,8.0
9,2018,7,"OTHER FIREARM",96,8.0
4,2018,6,"OTHER FIREARM",96,8.0
8,2018,5,"OTHER FIREARM",96,8.0
6,2018,4,"OTHER FIREARM",96,8.0
6,2018,3,"OTHER FIREARM",96,8.0
4,2018,2,"OTHER FIREARM",96,8.0
2,2018,1,"OTHER FIREARM",96,8.0
13,2017,12,"OTHER FIREARM",222,18.5
14,2017,11,"OTHER FIREARM",222,18.5
21,2017,10,"OTHER FIREARM",222,18.5
29,2017,9,"OTHER FIREARM",222,18.5
23,2017,8,"OTHER FIREARM",222,18.5
27,2017,7,"OTHER FIREARM",222,18.5
16,2017,6,"OTHER FIREARM",222,18.5
12,2017,5,"OTHER FIREARM",222,18.5
15,2017,4,"OTHER FIREARM",222,18.5
14,2017,3,"OTHER FIREARM",222,18.5
16,2017,2,"OTHER FIREARM",222,18.5
22,2017,1,"OTHER FIREARM",222,18.5
22,2016,12,"OTHER FIREARM",171,14.25
7,2016,11,"OTHER FIREARM",171,14.25
12,2016,10,"OTHER FIREARM",171,14.25
10,2016,9,"OTHER FIREARM",171,14.25
20,2016,8,"OTHER FIREARM",171,14.25
20,2016,7,"OTHER FIREARM",171,14.25
23,2016,6,"OTHER FIREARM",171,14.25
15,2016,5,"OTHER FIREARM",171,14.25
7,2016,4,"OTHER FIREARM",171,14.25
15,2016,3,"OTHER FIREARM",171,14.25
11,2016,2,"OTHER FIREARM",171,14.25
9,2016,1,"OTHER FIREARM",171,14.25
8,2015,12,"OTHER FIREARM",152,12.666666666666666
11,2015,11,"OTHER FIREARM",152,12.666666666666666
12,2015,10,"OTHER FIREARM",152,12.666666666666666
8,2015,9,"OTHER FIREARM",152,12.666666666666666
17,2015,8,"OTHER FIREARM",152,12.666666666666666
11,2015,7,"OTHER FIREARM",152,12.666666666666666
14,2015,6,"OTHER FIREARM",152,12.666666666666666
10,2015,5,"OTHER FIREARM",152,12.666666666666666
15,2015,4,"OTHER FIREARM",152,12.666666666666666
9,2015,3,"OTHER FIREARM",152,12.666666666666666
10,2015,2,"OTHER FIREARM",152,12.666666666666666
27,2015,1,"OTHER FIREARM",152,12.666666666666666
731,2022,5,"PERSONAL",5874,1174.8
1427,2022,4,"PERSONAL",5874,1174.8
1352,2022,3,"PERSONAL",5874,1174.8
1144,2022,2,"PERSONAL",5874,1174.8
1220,2022,1,"PERSONAL",5874,1174.8
1311,2021,12,"PERSONAL",16037,1336.4166666666667
1349,2021,11,"PERSONAL",16037,1336.4166666666667
1437,2021,10,"PERSONAL",16037,1336.4166666666667
1495,2021,9,"PERSONAL",16037,1336.4166666666667
1453,2021,8,"PERSONAL",16037,1336.4166666666667
1510,2021,7,"PERSONAL",16037,1336.4166666666667
1430,2021,6,"PERSONAL",16037,1336.4166666666667
1507,2021,5,"PERSONAL",16037,1336.4166666666667
1284,2021,4,"PERSONAL",16037,1336.4166666666667
1123,2021,3,"PERSONAL",16037,1336.4166666666667
1042,2021,2,"PERSONAL",16037,1336.4166666666667
1096,2021,1,"PERSONAL",16037,1336.4166666666667
1223,2020,12,"PERSONAL",15398,1283.1666666666667
1213,2020,11,"PERSONAL",15398,1283.1666666666667
1290,2020,10,"PERSONAL",15398,1283.1666666666667
1212,2020,9,"PERSONAL",15398,1283.1666666666667
1421,2020,8,"PERSONAL",15398,1283.1666666666667
1333,2020,7,"PERSONAL",15398,1283.1666666666667
1349,2020,6,"PERSONAL",15398,1283.1666666666667
1262,2020,5,"PERSONAL",15398,1283.1666666666667
1187,2020,4,"PERSONAL",15398,1283.1666666666667
1391,2020,3,"PERSONAL",15398,1283.1666666666667
1209,2020,2,"PERSONAL",15398,1283.1666666666667
1308,2020,1,"PERSONAL",15398,1283.1666666666667
1338,2019,12,"PERSONAL",16730,1394.1666666666667
1280,2019,11,"PERSONAL",16730,1394.1666666666667
1498,2019,10,"PERSONAL",16730,1394.1666666666667
1432,2019,9,"PERSONAL",16730,1394.1666666666667
1512,2019,8,"PERSONAL",16730,1394.1666666666667
1470,2019,7,"PERSONAL",16730,1394.1666666666667
1488,2019,6,"PERSONAL",16730,1394.1666666666667
1520,2019,5,"PERSONAL",16730,1394.1666666666667
1372,2019,4,"PERSONAL",16730,1394.1666666666667
1306,2019,3,"PERSONAL",16730,1394.1666666666667
1193,2019,2,"PERSONAL",16730,1394.1666666666667
1321,2019,1,"PERSONAL",16730,1394.1666666666667
1435,2018,12,"PERSONAL",18021,1501.75
1335,2018,11,"PERSONAL",18021,1501.75
1500,2018,10,"PERSONAL",18021,1501.75
1519,2018,9,"PERSONAL",18021,1501.75
1667,2018,8,"PERSONAL",18021,1501.75
1653,2018,7,"PERSONAL",18021,1501.75
1604,2018,6,"PERSONAL",18021,1501.75
1668,2018,5,"PERSONAL",18021,1501.75
1393,2018,4,"PERSONAL",18021,1501.75
1429,2018,3,"PERSONAL",18021,1501.75
1337,2018,2,"PERSONAL",18021,1501.75
1481,2018,1,"PERSONAL",18021,1501.75
1502,2017,12,"PERSONAL",18073,1506.0833333333333
1485,2017,11,"PERSONAL",18073,1506.0833333333333
1520,2017,10,"PERSONAL",18073,1506.0833333333333
1440,2017,9,"PERSONAL",18073,1506.0833333333333
1492,2017,8,"PERSONAL",18073,1506.0833333333333
1706,2017,7,"PERSONAL",18073,1506.0833333333333
1584,2017,6,"PERSONAL",18073,1506.0833333333333
1645,2017,5,"PERSONAL",18073,1506.0833333333333
1523,2017,4,"PERSONAL",18073,1506.0833333333333
1426,2017,3,"PERSONAL",18073,1506.0833333333333
1285,2017,2,"PERSONAL",18073,1506.0833333333333
1465,2017,1,"PERSONAL",18073,1506.0833333333333
1410,2016,12,"PERSONAL",19398,1616.5
1481,2016,11,"PERSONAL",19398,1616.5
1699,2016,10,"PERSONAL",19398,1616.5
1639,2016,9,"PERSONAL",19398,1616.5
1669,2016,8,"PERSONAL",19398,1616.5
1670,2016,7,"PERSONAL",19398,1616.5
1699,2016,6,"PERSONAL",19398,1616.5
1732,2016,5,"PERSONAL",19398,1616.5
1717,2016,4,"PERSONAL",19398,1616.5
1697,2016,3,"PERSONAL",19398,1616.5
1467,2016,2,"PERSONAL",19398,1616.5
1518,2016,1,"PERSONAL",19398,1616.5
1602,2015,12,"PERSONAL",20282,1690.1666666666667
1640,2015,11,"PERSONAL",20282,1690.1666666666667
1670,2015,10,"PERSONAL",20282,1690.1666666666667
1660,2015,9,"PERSONAL",20282,1690.1666666666667
1825,2015,8,"PERSONAL",20282,1690.1666666666667
1845,2015,7,"PERSONAL",20282,1690.1666666666667
1845,2015,6,"PERSONAL",20282,1690.1666666666667
1996,2015,5,"PERSONAL",20282,1690.1666666666667
1735,2015,4,"PERSONAL",20282,1690.1666666666667
1569,2015,3,"PERSONAL",20282,1690.1666666666667
1354,2015,2,"PERSONAL",20282,1690.1666666666667
1541,2015,1,"PERSONAL",20282,1690.1666666666667
1,2022,1,"POISON ",1,1.0
1,2021,8,"POISON ",1,1.0
1,2020,10,"POISON ",5,1.25
1,2020,8,"POISON ",5,1.25
1,2020,7,"POISON ",5,1.25
2,2020,2,"POISON ",5,1.25
1,2019,10,"POISON ",3,1.0
1,2019,3,"POISON ",3,1.0
1,2019,2,"POISON ",3,1.0
1,2018,10,"POISON ",6,1.2
1,2018,7,"POISON ",6,1.2
2,2018,6,"POISON ",6,1.2
1,2018,5,"POISON ",6,1.2
1,2018,4,"POISON ",6,1.2
2,2017,12,"POISON ",9,1.8
4,2017,11,"POISON ",9,1.8
1,2017,9,"POISON ",9,1.8
1,2017,6,"POISON ",9,1.8
1,2017,2,"POISON ",9,1.8
1,2016,12,"POISON ",10,2.0
2,2016,10,"POISON ",10,2.0
1,2016,6,"POISON ",10,2.0
1,2016,2,"POISON ",10,2.0
5,2016,1,"POISON ",10,2.0
1,2015,11,"POISON ",5,1.25
1,2015,9,"POISON ",5,1.25
2,2015,4,"POISON ",5,1.25
1,2015,1,"POISON ",5,1.25
3,2022,5,"REVOLVER ",60,12.0
13,2022,4,"REVOLVER ",60,12.0
23,2022,3,"REVOLVER ",60,12.0
11,2022,2,"REVOLVER ",60,12.0
10,2022,1,"REVOLVER ",60,12.0
13,2021,12,"REVOLVER ",150,12.5
8,2021,11,"REVOLVER ",150,12.5
1,2021,10,"REVOLVER ",150,12.5
18,2021,9,"REVOLVER ",150,12.5
18,2021,8,"REVOLVER ",150,12.5
13,2021,7,"REVOLVER ",150,12.5
12,2021,6,"REVOLVER ",150,12.5
14,2021,5,"REVOLVER ",150,12.5
8,2021,4,"REVOLVER ",150,12.5
18,2021,3,"REVOLVER ",150,12.5
10,2021,2,"REVOLVER ",150,12.5
17,2021,1,"REVOLVER ",150,12.5
15,2020,12,"REVOLVER ",224,18.666666666666668
17,2020,11,"REVOLVER ",224,18.666666666666668
21,2020,10,"REVOLVER ",224,18.666666666666668
12,2020,9,"REVOLVER ",224,18.666666666666668
22,2020,8,"REVOLVER ",224,18.666666666666668
25,2020,7,"REVOLVER ",224,18.666666666666668
18,2020,6,"REVOLVER ",224,18.666666666666668
6,2020,5,"REVOLVER ",224,18.666666666666668
21,2020,4,"REVOLVER ",224,18.666666666666668
20,2020,3,"REVOLVER ",224,18.666666666666668
21,2020,2,"REVOLVER ",224,18.666666666666668
26,2020,1,"REVOLVER ",224,18.666666666666668
12,2019,12,"REVOLVER ",212,17.666666666666668
10,2019,11,"REVOLVER ",212,17.666666666666668
19,2019,10,"REVOLVER ",212,17.666666666666668
23,2019,9,"REVOLVER ",212,17.666666666666668
16,2019,8,"REVOLVER ",212,17.666666666666668
21,2019,7,"REVOLVER ",212,17.666666666666668
15,2019,6,"REVOLVER ",212,17.666666666666668
25,2019,5,"REVOLVER ",212,17.666666666666668
25,2019,4,"REVOLVER ",212,17.666666666666668
15,2019,3,"REVOLVER ",212,17.666666666666668
11,2019,2,"REVOLVER ",212,17.666666666666668
20,2019,1,"REVOLVER ",212,17.666666666666668
30,2018,12,"REVOLVER ",252,21.0
19,2018,11,"REVOLVER ",252,21.0
12,2018,10,"REVOLVER ",252,21.0
24,2018,9,"REVOLVER ",252,21.0
13,2018,8,"REVOLVER ",252,21.0
11,2018,7,"REVOLVER ",252,21.0
20,2018,6,"REVOLVER ",252,21.0
22,2018,5,"REVOLVER ",252,21.0
19,2018,4,"REVOLVER ",252,21.0
23,2018,3,"REVOLVER ",252,21.0
28,2018,2,"REVOLVER ",252,21.0
31,2018,1,"REVOLVER ",252,21.0
21,2017,12,"REVOLVER ",352,29.333333333333332
34,2017,11,"REVOLVER ",352,29.333333333333332
26,2017,10,"REVOLVER ",352,29.333333333333332
18,2017,9,"REVOLVER ",352,29.333333333333332
31,2017,8,"REVOLVER ",352,29.333333333333332
24,2017,7,"REVOLVER ",352,29.333333333333332
46,2017,6,"REVOLVER ",352,29.333333333333332
26,2017,5,"REVOLVER ",352,29.333333333333332
34,2017,4,"REVOLVER ",352,29.333333333333332
31,2017,3,"REVOLVER ",352,29.333333333333332
30,2017,2,"REVOLVER ",352,29.333333333333332
31,2017,1,"REVOLVER ",352,29.333333333333332
34,2016,12,"REVOLVER ",415,34.583333333333336
36,2016,11,"REVOLVER ",415,34.583333333333336
56,2016,10,"REVOLVER ",415,34.583333333333336
27,2016,9,"REVOLVER ",415,34.583333333333336
24,2016,8,"REVOLVER ",415,34.583333333333336
22,2016,7,"REVOLVER ",415,34.583333333333336
21,2016,6,"REVOLVER ",415,34.583333333333336
37,2016,5,"REVOLVER ",415,34.583333333333336
31,2016,4,"REVOLVER ",415,34.583333333333336
34,2016,3,"REVOLVER ",415,34.583333333333336
59,2016,2,"REVOLVER ",415,34.583333333333336
34,2016,1,"REVOLVER ",415,34.583333333333336
18,2015,12,"REVOLVER ",256,21.333333333333332
17,2015,11,"REVOLVER ",256,21.333333333333332
21,2015,10,"REVOLVER ",256,21.333333333333332
17,2015,9,"REVOLVER ",256,21.333333333333332
28,2015,8,"REVOLVER ",256,21.333333333333332
28,2015,7,"REVOLVER ",256,21.333333333333332
24,2015,6,"REVOLVER ",256,21.333333333333332
20,2015,5,"REVOLVER ",256,21.333333333333332
16,2015,4,"REVOLVER ",256,21.333333333333332
18,2015,3,"REVOLVER ",256,21.333333333333332
15,2015,2,"REVOLVER ",256,21.333333333333332
34,2015,1,"REVOLVER ",256,21.333333333333332
4,2022,5,"RIFLE ",90,18.0
27,2022,4,"RIFLE ",90,18.0
33,2022,3,"RIFLE ",90,18.0
13,2022,2,"RIFLE ",90,18.0
13,2022,1,"RIFLE ",90,18.0
35,2021,12,"RIFLE ",331,27.583333333333332
23,2021,11,"RIFLE ",331,27.583333333333332
53,2021,10,"RIFLE ",331,27.583333333333332
25,2021,9,"RIFLE ",331,27.583333333333332
20,2021,8,"RIFLE ",331,27.583333333333332
31,2021,7,"RIFLE ",331,27.583333333333332
38,2021,6,"RIFLE ",331,27.583333333333332
34,2021,5,"RIFLE ",331,27.583333333333332
20,2021,4,"RIFLE ",331,27.583333333333332
24,2021,3,"RIFLE ",331,27.583333333333332
13,2021,2,"RIFLE ",331,27.583333333333332
15,2021,1,"RIFLE ",331,27.583333333333332
38,2020,12,"RIFLE ",294,24.5
23,2020,11,"RIFLE ",294,24.5
25,2020,10,"RIFLE ",294,24.5
16,2020,9,"RIFLE ",294,24.5
25,2020,8,"RIFLE ",294,24.5
30,2020,7,"RIFLE ",294,24.5
44,2020,6,"RIFLE ",294,24.5
32,2020,5,"RIFLE ",294,24.5
12,2020,4,"RIFLE ",294,24.5
22,2020,3,"RIFLE ",294,24.5
17,2020,2,"RIFLE ",294,24.5
10,2020,1,"RIFLE ",294,24.5
29,2019,12,"RIFLE ",321,26.75
17,2019,11,"RIFLE ",321,26.75
37,2019,10,"RIFLE ",321,26.75
22,2019,9,"RIFLE ",321,26.75
18,2019,8,"RIFLE ",321,26.75
10,2019,7,"RIFLE ",321,26.75
42,2019,6,"RIFLE ",321,26.75
64,2019,5,"RIFLE ",321,26.75
26,2019,4,"RIFLE ",321,26.75
28,2019,3,"RIFLE ",321,26.75
9,2019,2,"RIFLE ",321,26.75
19,2019,1,"RIFLE ",321,26.75
45,2018,12,"RIFLE ",348,29.0
25,2018,11,"RIFLE ",348,29.0
54,2018,10,"RIFLE ",348,29.0
37,2018,9,"RIFLE ",348,29.0
24,2018,8,"RIFLE ",348,29.0
26,2018,7,"RIFLE ",348,29.0
35,2018,6,"RIFLE ",348,29.0
9,2018,5,"RIFLE ",348,29.0
48,2018,4,"RIFLE ",348,29.0
22,2018,3,"RIFLE ",348,29.0
10,2018,2,"RIFLE ",348,29.0
13,2018,1,"RIFLE ",348,29.0
14,2017,12,"RIFLE ",214,17.833333333333332
16,2017,11,"RIFLE ",214,17.833333333333332
11,2017,10,"RIFLE ",214,17.833333333333332
15,2017,9,"RIFLE ",214,17.833333333333332
11,2017,8,"RIFLE ",214,17.833333333333332
31,2017,7,"RIFLE ",214,17.833333333333332
18,2017,6,"RIFLE ",214,17.833333333333332
17,2017,5,"RIFLE ",214,17.833333333333332
25,2017,4,"RIFLE ",214,17.833333333333332
10,2017,3,"RIFLE ",214,17.833333333333332
25,2017,2,"RIFLE ",214,17.833333333333332
21,2017,1,"RIFLE ",214,17.833333333333332
29,2016,12,"RIFLE ",171,14.25
6,2016,11,"RIFLE ",171,14.25
12,2016,10,"RIFLE ",171,14.25
14,2016,9,"RIFLE ",171,14.25
17,2016,8,"RIFLE ",171,14.25
17,2016,7,"RIFLE ",171,14.25
8,2016,6,"RIFLE ",171,14.25
12,2016,5,"RIFLE ",171,14.25
12,2016,4,"RIFLE ",171,14.25
17,2016,3,"RIFLE ",171,14.25
22,2016,2,"RIFLE ",171,14.25
5,2016,1,"RIFLE ",171,14.25
18,2015,12,"RIFLE ",103,8.583333333333334
5,2015,11,"RIFLE ",103,8.583333333333334
5,2015,10,"RIFLE ",103,8.583333333333334
6,2015,9,"RIFLE ",103,8.583333333333334
10,2015,8,"RIFLE ",103,8.583333333333334
12,2015,7,"RIFLE ",103,8.583333333333334
5,2015,6,"RIFLE ",103,8.583333333333334
6,2015,5,"RIFLE ",103,8.583333333333334
2,2015,4,"RIFLE ",103,8.583333333333334
16,2015,3,"RIFLE ",103,8.583333333333334
5,2015,2,"RIFLE ",103,8.583333333333334
13,2015,1,"RIFLE ",103,8.583333333333334
1,2022,1,"RIFLE AUTOMATIC",1,1.0
1,2021,9,"RIFLE AUTOMATIC",2,1.0
1,2021,3,"RIFLE AUTOMATIC",2,1.0
1,2020,1,"RIFLE AUTOMATIC",1,1.0
1,2019,4,"RIFLE AUTOMATIC",1,1.0
1,2018,7,"RIFLE AUTOMATIC",2,1.0
1,2018,4,"RIFLE AUTOMATIC",2,1.0
3,2017,12,"RIFLE AUTOMATIC",10,2.0
1,2017,9,"RIFLE AUTOMATIC",10,2.0
2,2017,8,"RIFLE AUTOMATIC",10,2.0
1,2017,7,"RIFLE AUTOMATIC",10,2.0
3,2017,6,"RIFLE AUTOMATIC",10,2.0
1,2016,6,"RIFLE AUTOMATIC",1,1.0
3,2015,11,"RIFLE AUTOMATIC",4,2.0
1,2015,5,"RIFLE AUTOMATIC",4,2.0
2,2022,5,"RIFLE SEMI-AUTOMATIC",25,5.0
8,2022,4,"RIFLE SEMI-AUTOMATIC",25,5.0
2,2022,3,"RIFLE SEMI-AUTOMATIC",25,5.0
7,2022,2,"RIFLE SEMI-AUTOMATIC",25,5.0
6,2022,1,"RIFLE SEMI-AUTOMATIC",25,5.0
2,2021,12,"RIFLE SEMI-AUTOMATIC",91,9.1
9,2021,10,"RIFLE SEMI-AUTOMATIC",91,9.1
15,2021,9,"RIFLE SEMI-AUTOMATIC",91,9.1
20,2021,8,"RIFLE SEMI-AUTOMATIC",91,9.1
5,2021,6,"RIFLE SEMI-AUTOMATIC",91,9.1
14,2021,5,"RIFLE SEMI-AUTOMATIC",91,9.1
11,2021,4,"RIFLE SEMI-AUTOMATIC",91,9.1
6,2021,3,"RIFLE SEMI-AUTOMATIC",91,9.1
3,2021,2,"RIFLE SEMI-AUTOMATIC",91,9.1
6,2021,1,"RIFLE SEMI-AUTOMATIC",91,9.1
17,2020,12,"RIFLE SEMI-AUTOMATIC",134,12.181818181818182
9,2020,11,"RIFLE SEMI-AUTOMATIC",134,12.181818181818182
2,2020,10,"RIFLE SEMI-AUTOMATIC",134,12.181818181818182
10,2020,9,"RIFLE SEMI-AUTOMATIC",134,12.181818181818182
14,2020,8,"RIFLE SEMI-AUTOMATIC",134,12.181818181818182
19,2020,7,"RIFLE SEMI-AUTOMATIC",134,12.181818181818182
19,2020,6,"RIFLE SEMI-AUTOMATIC",134,12.181818181818182
16,2020,5,"RIFLE SEMI-AUTOMATIC",134,12.181818181818182
9,2020,4,"RIFLE SEMI-AUTOMATIC",134,12.181818181818182
15,2020,3,"RIFLE SEMI-AUTOMATIC",134,12.181818181818182
4,2020,1,"RIFLE SEMI-AUTOMATIC",134,12.181818181818182
7,2019,12,"RIFLE SEMI-AUTOMATIC",97,8.083333333333334
9,2019,11,"RIFLE SEMI-AUTOMATIC",97,8.083333333333334
4,2019,10,"RIFLE SEMI-AUTOMATIC",97,8.083333333333334
15,2019,9,"RIFLE SEMI-AUTOMATIC",97,8.083333333333334
9,2019,8,"RIFLE SEMI-AUTOMATIC",97,8.083333333333334
21,2019,7,"RIFLE SEMI-AUTOMATIC",97,8.083333333333334
7,2019,6,"RIFLE SEMI-AUTOMATIC",97,8.083333333333334
11,2019,5,"RIFLE SEMI-AUTOMATIC",97,8.083333333333334
5,2019,4,"RIFLE SEMI-AUTOMATIC",97,8.083333333333334
3,2019,3,"RIFLE SEMI-AUTOMATIC",97,8.083333333333334
5,2019,2,"RIFLE SEMI-AUTOMATIC",97,8.083333333333334
1,2019,1,"RIFLE SEMI-AUTOMATIC",97,8.083333333333334
4,2018,12,"RIFLE SEMI-AUTOMATIC",111,9.25
20,2018,11,"RIFLE SEMI-AUTOMATIC",111,9.25
7,2018,10,"RIFLE SEMI-AUTOMATIC",111,9.25
6,2018,9,"RIFLE SEMI-AUTOMATIC",111,9.25
11,2018,8,"RIFLE SEMI-AUTOMATIC",111,9.25
7,2018,7,"RIFLE SEMI-AUTOMATIC",111,9.25
12,2018,6,"RIFLE SEMI-AUTOMATIC",111,9.25
12,2018,5,"RIFLE SEMI-AUTOMATIC",111,9.25
8,2018,4,"RIFLE SEMI-AUTOMATIC",111,9.25
13,2018,3,"RIFLE SEMI-AUTOMATIC",111,9.25
5,2018,2,"RIFLE SEMI-AUTOMATIC",111,9.25
6,2018,1,"RIFLE SEMI-AUTOMATIC",111,9.25
2,2017,12,"RIFLE SEMI-AUTOMATIC",97,8.818181818181818
7,2017,11,"RIFLE SEMI-AUTOMATIC",97,8.818181818181818
18,2017,10,"RIFLE SEMI-AUTOMATIC",97,8.818181818181818
1,2017,9,"RIFLE SEMI-AUTOMATIC",97,8.818181818181818
11,2017,8,"RIFLE SEMI-AUTOMATIC",97,8.818181818181818
8,2017,7,"RIFLE SEMI-AUTOMATIC",97,8.818181818181818
18,2017,6,"RIFLE SEMI-AUTOMATIC",97,8.818181818181818
9,2017,5,"RIFLE SEMI-AUTOMATIC",97,8.818181818181818
7,2017,4,"RIFLE SEMI-AUTOMATIC",97,8.818181818181818
14,2017,2,"RIFLE SEMI-AUTOMATIC",97,8.818181818181818
2,2017,1,"RIFLE SEMI-AUTOMATIC",97,8.818181818181818
3,2016,12,"RIFLE SEMI-AUTOMATIC",46,4.6
1,2016,10,"RIFLE SEMI-AUTOMATIC",46,4.6
4,2016,9,"RIFLE SEMI-AUTOMATIC",46,4.6
5,2016,8,"RIFLE SEMI-AUTOMATIC",46,4.6
17,2016,7,"RIFLE SEMI-AUTOMATIC",46,4.6
6,2016,6,"RIFLE SEMI-AUTOMATIC",46,4.6
1,2016,5,"RIFLE SEMI-AUTOMATIC",46,4.6
2,2016,3,"RIFLE SEMI-AUTOMATIC",46,4.6
5,2016,2,"RIFLE SEMI-AUTOMATIC",46,4.6
2,2016,1,"RIFLE SEMI-AUTOMATIC",46,4.6
7,2015,12,"RIFLE SEMI-AUTOMATIC",51,5.666666666666667
6,2015,11,"RIFLE SEMI-AUTOMATIC",51,5.666666666666667
5,2015,10,"RIFLE SEMI-AUTOMATIC",51,5.666666666666667
14,2015,9,"RIFLE SEMI-AUTOMATIC",51,5.666666666666667
4,2015,8,"RIFLE SEMI-AUTOMATIC",51,5.666666666666667
7,2015,7,"RIFLE SEMI-AUTOMATIC",51,5.666666666666667
2,2015,5,"RIFLE SEMI-AUTOMATIC",51,5.666666666666667
1,2015,3,"RIFLE SEMI-AUTOMATIC",51,5.666666666666667
5,2015,2,"RIFLE SEMI-AUTOMATIC",51,5.666666666666667
4,2022,5,"SHOTGUN ",31,6.2
7,2022,4,"SHOTGUN ",31,6.2
10,2022,3,"SHOTGUN ",31,6.2
5,2022,2,"SHOTGUN ",31,6.2
5,2022,1,"SHOTGUN ",31,6.2
7,2021,12,"SHOTGUN ",74,6.166666666666667
15,2021,11,"SHOTGUN ",74,6.166666666666667
5,2021,10,"SHOTGUN ",74,6.166666666666667
5,2021,9,"SHOTGUN ",74,6.166666666666667
5,2021,8,"SHOTGUN ",74,6.166666666666667
7,2021,7,"SHOTGUN ",74,6.166666666666667
3,2021,6,"SHOTGUN ",74,6.166666666666667
1,2021,5,"SHOTGUN ",74,6.166666666666667
9,2021,4,"SHOTGUN ",74,6.166666666666667
4,2021,3,"SHOTGUN ",74,6.166666666666667
7,2021,2,"SHOTGUN ",74,6.166666666666667
6,2021,1,"SHOTGUN ",74,6.166666666666667
12,2020,12,"SHOTGUN ",95,7.916666666666667
10,2020,11,"SHOTGUN ",95,7.916666666666667
8,2020,10,"SHOTGUN ",95,7.916666666666667
4,2020,9,"SHOTGUN ",95,7.916666666666667
11,2020,8,"SHOTGUN ",95,7.916666666666667
8,2020,7,"SHOTGUN ",95,7.916666666666667
7,2020,6,"SHOTGUN ",95,7.916666666666667
10,2020,5,"SHOTGUN ",95,7.916666666666667
13,2020,4,"SHOTGUN ",95,7.916666666666667
5,2020,3,"SHOTGUN ",95,7.916666666666667
3,2020,2,"SHOTGUN ",95,7.916666666666667
4,2020,1,"SHOTGUN ",95,7.916666666666667
6,2019,12,"SHOTGUN ",134,11.166666666666666
8,2019,11,"SHOTGUN ",134,11.166666666666666
6,2019,10,"SHOTGUN ",134,11.166666666666666
14,2019,9,"SHOTGUN ",134,11.166666666666666
2,2019,8,"SHOTGUN ",134,11.166666666666666
8,2019,7,"SHOTGUN ",134,11.166666666666666
13,2019,6,"SHOTGUN ",134,11.166666666666666
13,2019,5,"SHOTGUN ",134,11.166666666666666
18,2019,4,"SHOTGUN ",134,11.166666666666666
21,2019,3,"SHOTGUN ",134,11.166666666666666
17,2019,2,"SHOTGUN ",134,11.166666666666666
8,2019,1,"SHOTGUN ",134,11.166666666666666
14,2018,12,"SHOTGUN ",142,11.833333333333334
26,2018,11,"SHOTGUN ",142,11.833333333333334
14,2018,10,"SHOTGUN ",142,11.833333333333334
16,2018,9,"SHOTGUN ",142,11.833333333333334
9,2018,8,"SHOTGUN ",142,11.833333333333334
8,2018,7,"SHOTGUN ",142,11.833333333333334
9,2018,6,"SHOTGUN ",142,11.833333333333334
18,2018,5,"SHOTGUN ",142,11.833333333333334
6,2018,4,"SHOTGUN ",142,11.833333333333334
5,2018,3,"SHOTGUN ",142,11.833333333333334
14,2018,2,"SHOTGUN ",142,11.833333333333334
3,2018,1,"SHOTGUN ",142,11.833333333333334
11,2017,12,"SHOTGUN ",120,10.0
8,2017,11,"SHOTGUN ",120,10.0
3,2017,10,"SHOTGUN ",120,10.0
7,2017,9,"SHOTGUN ",120,10.0
8,2017,8,"SHOTGUN ",120,10.0
16,2017,7,"SHOTGUN ",120,10.0
6,2017,6,"SHOTGUN ",120,10.0
11,2017,5,"SHOTGUN ",120,10.0
9,2017,4,"SHOTGUN ",120,10.0
17,2017,3,"SHOTGUN ",120,10.0
13,2017,2,"SHOTGUN ",120,10.0
11,2017,1,"SHOTGUN ",120,10.0
25,2016,12,"SHOTGUN ",225,18.75
28,2016,11,"SHOTGUN ",225,18.75
10,2016,10,"SHOTGUN ",225,18.75
11,2016,9,"SHOTGUN ",225,18.75
13,2016,8,"SHOTGUN ",225,18.75
20,2016,7,"SHOTGUN ",225,18.75
19,2016,6,"SHOTGUN ",225,18.75
40,2016,5,"SHOTGUN ",225,18.75
19,2016,4,"SHOTGUN ",225,18.75
8,2016,3,"SHOTGUN ",225,18.75
13,2016,2,"SHOTGUN ",225,18.75
19,2016,1,"SHOTGUN ",225,18.75
15,2015,12,"SHOTGUN ",150,12.5
9,2015,11,"SHOTGUN ",150,12.5
18,2015,10,"SHOTGUN ",150,12.5
25,2015,9,"SHOTGUN ",150,12.5
18,2015,8,"SHOTGUN ",150,12.5
20,2015,7,"SHOTGUN ",150,12.5
5,2015,6,"SHOTGUN ",150,12.5
7,2015,5,"SHOTGUN ",150,12.5
3,2015,4,"SHOTGUN ",150,12.5
15,2015,3,"SHOTGUN ",150,12.5
1,2015,2,"SHOTGUN ",150,12.5
14,2015,1,"SHOTGUN ",150,12.5
327,2022,5,"UNKNOWN ",3923,784.6
739,2022,4,"UNKNOWN ",3923,784.6
905,2022,3,"UNKNOWN ",3923,784.6
819,2022,2,"UNKNOWN ",3923,784.6
1133,2022,1,"UNKNOWN ",3923,784.6
946,2021,12,"UNKNOWN ",8256,688.0
808,2021,11,"UNKNOWN ",8256,688.0
792,2021,10,"UNKNOWN ",8256,688.0
722,2021,9,"UNKNOWN ",8256,688.0
713,2021,8,"UNKNOWN ",8256,688.0
777,2021,7,"UNKNOWN ",8256,688.0
682,2021,6,"UNKNOWN ",8256,688.0
582,2021,5,"UNKNOWN ",8256,688.0
451,2021,4,"UNKNOWN ",8256,688.0
540,2021,3,"UNKNOWN ",8256,688.0
565,2021,2,"UNKNOWN ",8256,688.0
678,2021,1,"UNKNOWN ",8256,688.0
673,2020,12,"UNKNOWN ",7646,637.1666666666666
825,2020,11,"UNKNOWN ",7646,637.1666666666666
686,2020,10,"UNKNOWN ",7646,637.1666666666666
566,2020,9,"UNKNOWN ",7646,637.1666666666666
835,2020,8,"UNKNOWN ",7646,637.1666666666666
732,2020,7,"UNKNOWN ",7646,637.1666666666666
573,2020,6,"UNKNOWN ",7646,637.1666666666666
525,2020,5,"UNKNOWN ",7646,637.1666666666666
401,2020,4,"UNKNOWN ",7646,637.1666666666666
536,2020,3,"UNKNOWN ",7646,637.1666666666666
644,2020,2,"UNKNOWN ",7646,637.1666666666666
650,2020,1,"UNKNOWN ",7646,637.1666666666666
565,2019,12,"UNKNOWN ",7846,653.8333333333334
591,2019,11,"UNKNOWN ",7846,653.8333333333334
843,2019,10,"UNKNOWN ",7846,653.8333333333334
661,2019,9,"UNKNOWN ",7846,653.8333333333334
701,2019,8,"UNKNOWN ",7846,653.8333333333334
743,2019,7,"UNKNOWN ",7846,653.8333333333334
699,2019,6,"UNKNOWN ",7846,653.8333333333334
768,2019,5,"UNKNOWN ",7846,653.8333333333334
603,2019,4,"UNKNOWN ",7846,653.8333333333334
563,2019,3,"UNKNOWN ",7846,653.8333333333334
508,2019,2,"UNKNOWN ",7846,653.8333333333334
601,2019,1,"UNKNOWN ",7846,653.8333333333334
657,2018,12,"UNKNOWN ",7226,602.1666666666666
658,2018,11,"UNKNOWN ",7226,602.1666666666666
631,2018,10,"UNKNOWN ",7226,602.1666666666666
653,2018,9,"UNKNOWN ",7226,602.1666666666666
687,2018,8,"UNKNOWN ",7226,602.1666666666666
701,2018,7,"UNKNOWN ",7226,602.1666666666666
618,2018,6,"UNKNOWN ",7226,602.1666666666666
616,2018,5,"UNKNOWN ",7226,602.1666666666666
451,2018,4,"UNKNOWN ",7226,602.1666666666666
510,2018,3,"UNKNOWN ",7226,602.1666666666666
505,2018,2,"UNKNOWN ",7226,602.1666666666666
539,2018,1,"UNKNOWN ",7226,602.1666666666666
599,2017,12,"UNKNOWN ",7055,587.9166666666666
584,2017,11,"UNKNOWN ",7055,587.9166666666666
649,2017,10,"UNKNOWN ",7055,587.9166666666666
656,2017,9,"UNKNOWN ",7055,587.9166666666666
620,2017,8,"UNKNOWN ",7055,587.9166666666666
658,2017,7,"UNKNOWN ",7055,587.9166666666666
611,2017,6,"UNKNOWN ",7055,587.9166666666666
640,2017,5,"UNKNOWN ",7055,587.9166666666666
550,2017,4,"UNKNOWN ",7055,587.9166666666666
486,2017,3,"UNKNOWN ",7055,587.9166666666666
486,2017,2,"UNKNOWN ",7055,587.9166666666666
516,2017,1,"UNKNOWN ",7055,587.9166666666666
565,2016,12,"UNKNOWN ",7457,621.4166666666666
585,2016,11,"UNKNOWN ",7457,621.4166666666666
702,2016,10,"UNKNOWN ",7457,621.4166666666666
614,2016,9,"UNKNOWN ",7457,621.4166666666666
654,2016,8,"UNKNOWN ",7457,621.4166666666666
670,2016,7,"UNKNOWN ",7457,621.4166666666666
628,2016,6,"UNKNOWN ",7457,621.4166666666666
646,2016,5,"UNKNOWN ",7457,621.4166666666666
667,2016,4,"UNKNOWN ",7457,621.4166666666666
606,2016,3,"UNKNOWN ",7457,621.4166666666666
556,2016,2,"UNKNOWN ",7457,621.4166666666666
564,2016,1,"UNKNOWN ",7457,621.4166666666666
701,2015,12,"UNKNOWN ",7786,648.8333333333334
659,2015,11,"UNKNOWN ",7786,648.8333333333334
705,2015,10,"UNKNOWN ",7786,648.8333333333334
675,2015,9,"UNKNOWN ",7786,648.8333333333334
731,2015,8,"UNKNOWN ",7786,648.8333333333334
701,2015,7,"UNKNOWN ",7786,648.8333333333334
585,2015,6,"UNKNOWN ",7786,648.8333333333334
680,2015,5,"UNKNOWN ",7786,648.8333333333334
658,2015,4,"UNKNOWN ",7786,648.8333333333334
577,2015,3,"UNKNOWN ",7786,648.8333333333334
446,2015,2,"UNKNOWN ",7786,648.8333333333334
668,2015,1,"UNKNOWN ",7786,648.8333333333334
